Game,Publisher,Genre,Release Year,ESRB Rating,Multiplayer,Metacritic Score,Exclusivity,Sales N.A.,Sales Eur,Sales Jap,Sales Other,Sales Total
Aquaman: Battle for Atlantis,Take-Two Interactive,ActionAdventure,2003,T,1,27,No,0.01,NA,NA,NA,0.01
Asterix & Obelix XXL,Atari,ActionAdventure,2004,E,1,NA,No,NA,NA,NA,NA,NA
Avatar: The Last Airbender,THQ,ActionAdventure,2006,E10,1,60,No,0.39,0.1,NA,0.01,0.5
Barnyard,THQ,ActionAdventure,2006,E10,1,66,No,0.09,0.02,NA,NA,0.12
Batman Begins,Electronic Arts,ActionAdventure,2005,T,1,66,No,0.11,0.03,NA,NA,0.15
Batman: Dark Tomorrow,Kemco,ActionAdventure,2003,T,1,29,No,0.06,0.02,NA,NA,0.08
Batman: Rise of Sin Tzu,Ubisoft,ActionAdventure,2003,T,2,63,Yes,0.05,0.01,NA,NA,0.06
Batman: Vengeance,Ubisoft,ActionAdventure,2001,T,1,70,Yes,0.2,0.05,NA,0.01,0.26
BeyBlade VForce: Super Tournament Battle,Atari,ActionAdventure,2002,E,4,33,Yes,0.16,0.04,NA,0.01,0.21
Beyond Good & Evil,Ubisoft,ActionAdventure,2003,T,1,87,No,0.06,0.01,NA,NA,0.07
Bionicle,Electronic Arts,ActionAdventure,2003,E,1,47,No,0.16,0.04,NA,0.01,0.21
Blood Omen 2,Eidos Interactive,ActionAdventure,2002,M,1,71,No,0.04,0.01,NA,NA,0.05
Bomberman Generation,Vivendi Games,ActionAdventure,2002,E,4,81,Yes,0.15,0.04,0.06,0.01,0.25
Bomberman Jetters,Hudson Soft,ActionAdventure,2002,E,4,70,Yes,0.06,0.02,NA,NA,0.08
Bomberman Land 2,Hudson Soft,ActionAdventure,2003,E,4,NA,No,NA,NA,NA,NA,NA
Bratz: Forever Diamondz,THQ,ActionAdventure,2006,E,1,NA,No,0.17,0.04,NA,0.01,0.21
Bratz: Rock Angelz,THQ,ActionAdventure,2005,E,1,NA,No,0.16,0.04,NA,0.01,0.2
Buffy the Vampire Slayer: Chaos Bleeds,Vivendi Games,ActionAdventure,2003,T,4,75,No,0.02,0.01,NA,NA,0.03
Carmen Sandiego: The Secret of the Stolen Drums,BAM! Entertainment,ActionAdventure,2004,E,1,57,No,0.02,NA,NA,NA,0.02
Catwoman,Electronic Arts,ActionAdventure,2004,T,1,47,No,0.05,0.01,NA,NA,0.07
Charlie and the Chocolate Factory,Global Star,ActionAdventure,2005,E,1,39,No,0.14,0.04,NA,NA,0.18
Charlie's Angels,Ubisoft,ActionAdventure,2003,T,1,23,No,0.01,NA,NA,NA,0.02
Chibi-Robo! Plug into Adventure!,Nintendo,ActionAdventure,2005,E10,1,75,Yes,0.23,0.06,0.09,0.01,0.39
Conan,Take-Two Interactive,ActionAdventure,2005,NA,2,NA,No,NA,NA,NA,NA,NA
Cubivore: Survival of the Fittest,Nintendo,ActionAdventure,2002,E,1,71,Yes,0.01,NA,0.15,NA,0.17
Cubix Robots for Everyone: Showdown,3DO,ActionAdventure,2003,E,4,NA,No,NA,NA,NA,NA,NA
Curious George,Namco Bandai Games,ActionAdventure,2006,E,1,53,No,0.11,0.03,NA,NA,0.15
Darkened Skye,Take-Two Interactive,ActionAdventure,2002,T,1,61,No,0.01,NA,NA,NA,0.01
Def Jam: Fight for NY,Electronic Arts,ActionAdventure,2004,M,2,84,No,0.17,0.05,NA,0.01,0.22
Defender,Midway Games,ActionAdventure,2002,T,2,66,No,0.08,0.02,NA,NA,0.11
Dinotopia: The Sunstone Odyssey,Take-Two Interactive,ActionAdventure,2003,T,1,50,No,0.01,NA,NA,NA,0.02
Disney's Hide & Sneak,Capcom,ActionAdventure,2003,E,1,46,Yes,0.03,0.01,NA,NA,0.03
Disney's Magical Mirror Starring Mickey Mouse,Nintendo,ActionAdventure,2002,E,1,50,Yes,0.15,0.04,NA,0.01,0.19
Disney's Meet the Robinsons,Disney Interactive Studios,ActionAdventure,2007,E10,1,68,No,0.03,0.01,NA,NA,0.04
Dora the Explorer: Journey to the Purple Planet,Global Star,ActionAdventure,2005,E,1,NA,No,0.09,0.02,NA,NA,0.12
Enter the Matrix,Atari,ActionAdventure,2003,T,1,63,No,0.34,0.09,0.02,0.01,0.45
Eternal Darkness: Sanity's Requiem,Nintendo,ActionAdventure,2002,M,1,92,Yes,0.34,0.09,NA,0.01,0.44
Fantastic 4,Activision,ActionAdventure,2005,T,2,61,No,0.19,0.05,NA,0.01,0.24
Finding Nemo,THQ,ActionAdventure,2003,E,1,62,No,0.69,0.18,NA,0.02,0.89
Fireblade,Midway Games,ActionAdventure,2002,T,1,NA,No,0.02,0.01,NA,NA,0.03
From Russia With Love,Electronic Arts,ActionAdventure,2005,T,4,70,No,0.17,0.04,NA,0.01,0.22
Gauntlet: Dark Legacy,Midway Games,ActionAdventure,2002,T,4,60,No,0.14,0.04,NA,NA,0.18
Geist,Nintendo,ActionAdventure,2005,M,4,66,Yes,0.11,0.03,NA,NA,0.15
Happy Feet,Midway Games,ActionAdventure,2006,E,2,NA,No,0.2,0.05,NA,0.01,0.25
Harry Potter and the Chamber of Secrets,Electronic Arts,ActionAdventure,2002,E,1,77,No,0.53,0.14,NA,0.02,0.69
Harry Potter and the Goblet of Fire,Electronic Arts,ActionAdventure,2005,E10,3,69,No,0.32,0.08,NA,0.01,0.42
Harry Potter and the Prisoner of Azkaban,Electronic Arts,ActionAdventure,2004,E,1,67,No,0.29,0.08,NA,0.01,0.38
Harry Potter and the Sorcerer's Stone,Electronic Arts,ActionAdventure,2003,E,1,62,No,0.06,0.02,NA,NA,0.08
Hello Kitty: Roller Rescue,Empire Interactive,ActionAdventure,2005,E,1,64,No,0.06,0.02,NA,NA,0.08
Hitman 2: Silent Assassin,Eidos Interactive,ActionAdventure,2003,M,1,83,No,0.1,0.03,NA,NA,0.13
Hulk,Universal Interactive,ActionAdventure,2003,T,1,71,No,0.15,0.04,NA,0.01,0.19
Hunter: The Reckoning,Virgin Interactive,ActionAdventure,2002,M,4,70,No,0.08,0.02,NA,NA,0.1
Killer7,Capcom,ActionAdventure,2005,M,1,74,No,0.12,0.03,NA,NA,0.15
King Arthur,Konami Digital Entertainment,ActionAdventure,2004,T,2,60,No,0.03,0.01,NA,NA,0.04
Knights of the Temple: Infernal Crusade,Take-Two Interactive,ActionAdventure,2004,M,1,NA,No,NA,NA,NA,NA,NA
Konjiki no Gashbell!! Yuujou no Tag Battle Full Power,Namco Bandai Games,ActionAdventure,2004,NA,2,NA,No,NA,NA,NA,NA,NA
Korokke! Ban-Ou no Kiki o Sukue,Konami Digital Entertainment,ActionAdventure,2004,NA,2,NA,No,NA,NA,NA,NA,NA
Largo Winch: Empire Under Threat,Ubisoft,ActionAdventure,2002,NA,1,NA,No,NA,NA,NA,NA,NA
LEGO Star Wars II: The Original Trilogy,LucasArts,ActionAdventure,2006,E10,2,84,No,0.75,0.19,NA,0.03,0.97
LEGO Star Wars: The Video Game,LucasArts,ActionAdventure,2005,E,2,79,No,1.09,0.28,NA,0.04,1.41
Luigi's Mansion,Nintendo,ActionAdventure,2001,E,1,78,Yes,2.38,0.67,0.46,0.1,3.6
Lupin III: Umi ni Kieta Hihou,Asmik Ace Entertainment,ActionAdventure,2003,NA,1,NA,Yes,NA,NA,NA,NA,NA
Metal Gear Solid: The Twin Snakes,Konami Digital Entertainment,ActionAdventure,2004,M,1,85,Yes,0.3,0.08,0.07,0.01,0.47
Minority Report: Everybody Runs,Activision,ActionAdventure,2002,T,1,53,No,0.08,0.02,NA,NA,0.1
Mobile Suit Gundam: Senshitachi no Kiseki,Namco Bandai Games,ActionAdventure,2004,NA,1,NA,Yes,NA,NA,NA,NA,NA
Monster House,THQ,ActionAdventure,2006,E10,1,60,No,0.11,0.03,NA,NA,0.14
Mystic Heroes,Tecmo Koei,ActionAdventure,2002,T,4,67,Yes,0.03,0.01,0.04,NA,0.09
Nicktoons: Battle for Volcano Island,THQ,ActionAdventure,2006,E,4,NA,No,0.22,0.06,NA,0.01,0.29
Nicktoons: Unite!,THQ,ActionAdventure,2005,E,2,NA,No,0.27,0.07,NA,0.01,0.35
Ohenro-San: Hosshin no Dojo,Pin Change,ActionAdventure,2003,NA,1,NA,Yes,NA,NA,NA,NA,NA
Pac-Man World 2,Namco Bandai Games,ActionAdventure,2002,E,1,74,No,0.28,0.07,NA,0.01,0.37
Peter Jackson's King Kong: The Official Game of the Movie,Ubisoft,ActionAdventure,2005,T,1,81,No,0.19,0.05,NA,0.01,0.24
Pokemon Channel,Nintendo,ActionAdventure,2003,E,1,55,Yes,0.24,0.06,0.07,0.01,0.38
Power Rangers: Dino Thunder,THQ,ActionAdventure,2004,E,1,49,No,0.31,0.08,NA,0.01,0.4
Prince of Persia: The Sands of Time,Ubisoft,ActionAdventure,2003,T,1,92,No,0.25,0.06,NA,0.01,0.32
Prince of Persia: The Two Thrones,Ubisoft,ActionAdventure,2005,T,1,84,No,0.11,0.03,NA,NA,0.15
Prince of Persia: Warrior Within,Ubisoft,ActionAdventure,2004,T,1,83,No,0.15,0.04,NA,0.01,0.2
Rampage: Total Destruction,Midway Games,ActionAdventure,2006,E10,4,57,No,0.31,0.08,NA,0.01,0.4
Resident Evil,Capcom,ActionAdventure,2002,M,1,91,Yes,0.63,0.38,0.35,0.05,1.42
Resident Evil - Code: Veronica X,Capcom,ActionAdventure,2003,M,1,62,No,0.05,0.01,NA,NA,0.06
Resident Evil 2,Capcom,ActionAdventure,2003,M,1,59,Yes,0.04,0.01,NA,NA,0.06
Resident Evil 3: Nemesis,Capcom,ActionAdventure,2003,M,1,62,Yes,0.06,0.02,NA,NA,0.08
Resident Evil 4,Capcom,ActionAdventure,2005,M,1,96,No,0.98,0.42,0.22,0.06,1.69
Resident Evil Zero,Capcom,ActionAdventure,2002,M,1,83,Yes,0.54,0.27,0.45,0.04,1.29
RoadKill,Midway Games,ActionAdventure,2003,M,4,64,No,0.02,0.01,NA,NA,0.03
Robots,Vivendi Games,ActionAdventure,2005,E,1,56,No,0.12,0.03,NA,NA,0.16
Rogue Ops,Kemco,ActionAdventure,2003,M,1,65,No,0.04,0.01,NA,NA,0.05
Samurai Jack: The Shadow of Aku,Sega,ActionAdventure,2004,T,1,59,No,0.01,NA,NA,NA,0.02
Scooby-Doo! Mystery Mayhem,THQ,ActionAdventure,2004,E,1,54,No,0.17,0.04,NA,0.01,0.22
SeaWorld Adventure Parks: Shamu's Deep Sea Adventure,Activision,ActionAdventure,2005,E,1,NA,No,0.07,0.02,NA,NA,0.09
Second Sight,Codemasters,ActionAdventure,2004,T,1,77,No,0.04,0.01,NA,NA,0.05
Shark Tale,Activision,ActionAdventure,2004,E,1,69,No,0.23,0.06,NA,0.01,0.3
Shrek SuperSlam,Activision,ActionAdventure,2005,E10,4,70,No,0.17,0.04,NA,0.01,0.22
Spartan: Total Warrior,Sega,ActionAdventure,2005,M,1,73,No,0.05,0.01,NA,NA,0.07
Spawn: Armageddon,Electronic Arts,ActionAdventure,2003,M,1,61,No,0.05,0.01,NA,NA,0.07
Sphinx and the Cursed Mummy,THQ,ActionAdventure,2003,T,1,79,No,0.11,0.03,NA,NA,0.14
Spider-Man 2,Activision,ActionAdventure,2004,T,1,80,No,0.65,0.17,NA,0.02,0.84
Spider-Man: The Movie,Activision,ActionAdventure,2002,E,1,76,No,0.86,0.27,0.01,0.04,1.19
Star Fox Adventures,Nintendo,ActionAdventure,2002,T,1,82,Yes,0.96,0.53,0.3,0.09,1.87
Superman: Shadow of Apokolips,Atari,ActionAdventure,2003,E,1,66,No,0.06,0.02,NA,NA,0.08
Teen Titans,THQ,ActionAdventure,2006,E10,4,63,No,0.25,0.07,NA,0.01,0.33
Teenage Mutant Ninja Turtles 2: Battle Nexus,Konami Digital Entertainment,ActionAdventure,2004,T,4,49,No,0.15,0.04,NA,0.01,0.19
Teenage Mutant Ninja Turtles 3: Mutant Nightmare,Konami Digital Entertainment,ActionAdventure,2005,E10,4,57,No,0.09,0.02,NA,NA,0.12
The Adventures of Jimmy Neutron Boy Genius: Attack of the Twonkies,THQ,ActionAdventure,2004,E,1,65,No,0.22,0.06,NA,0.01,0.28
The Adventures of Jimmy Neutron Boy Genius: Jet Fusion,THQ,ActionAdventure,2003,E,1,60,No,0.09,0.02,NA,NA,0.11
"The Chronicles of Narnia: The Lion, The Witch and The Wordrobe",Disney Interactive Studios,ActionAdventure,2005,T,2,71,No,0.22,0.06,NA,0.01,0.28
The Grim Adventures of Billy & Mandy,Midway Games,ActionAdventure,2006,E10,4,69,No,0.13,0.03,NA,NA,0.17
The Incredible Hulk: Ultimate Destruction,Vivendi Games,ActionAdventure,2005,T,1,84,No,0.11,0.03,NA,NA,0.15
The Incredibles,THQ,ActionAdventure,2004,T,1,63,No,0.65,0.17,NA,0.02,0.84
The Legend of Zelda: Four Swords Adventures,Nintendo,ActionAdventure,2004,E,4,86,Yes,0.63,0.16,NA,0.02,0.81
The Legend of Zelda: Ocarina of Time / Master Quest,Nintendo,ActionAdventure,2002,E,1,91,Yes,NA,NA,NA,NA,NA
The Legend of Zelda: The Wind Waker,Nintendo,ActionAdventure,2002,E,1,96,Yes,2.6,0.99,0.89,0.13,4.6
The Legend of Zelda: Twilight Princess,Nintendo,ActionAdventure,2006,T,1,96,Yes,1.15,0.36,0.04,0.04,1.59
The Lord of the Rings: The Return of the King,Electronic Arts,ActionAdventure,2003,T,2,84,No,0.53,0.14,NA,0.02,0.69
The Lord of the Rings: The Two Towers,Electronic Arts,ActionAdventure,2002,T,1,82,No,0.41,0.11,NA,0.01,0.53
The Polar Express,THQ,ActionAdventure,2004,E,1,40,No,0.08,0.02,NA,NA,0.11
The Powerpuff Girls: Relish Rampage,BAM! Entertainment,ActionAdventure,2002,E,1,NA,No,0.05,0.01,NA,NA,0.07
The Scorpion King: Rise of the Akkadian,Universal Interactive,ActionAdventure,2002,T,1,49,No,0.08,0.02,NA,NA,0.11
TMNT,Ubisoft,ActionAdventure,2007,E10,1,63,No,NA,NA,NA,NA,NA
Tom and Jerry in War of the Whiskers,NewKidCo,ActionAdventure,2003,T,4,NA,No,0.05,0.01,NA,NA,0.07
Tom Clancy's Splinter Cell,Ubisoft,ActionAdventure,2003,T,1,89,No,0.18,0.05,NA,0.01,0.23
Tom Clancy's Splinter Cell: Chaos Theory,Ubisoft,ActionAdventure,2005,M,2,81,No,0.08,0.02,NA,NA,0.1
Tom Clancy's Splinter Cell: Double Agent,Ubisoft,ActionAdventure,2006,M,2,64,No,0.04,0.01,NA,NA,0.06
Tom Clancy's Splinter Cell: Pandora Tomorrow,Ubisoft,ActionAdventure,2004,T,1,78,No,0.06,0.02,NA,NA,0.08
Tomb Raider: Legend,Eidos Interactive,ActionAdventure,2006,T,1,78,No,0.06,0.02,NA,NA,0.08
Tonka Rescue Patrol,Take-Two Interactive,ActionAdventure,2003,E,1,NA,Yes,0.05,0.01,NA,NA,0.06
True Crime: New York City,Activision,ActionAdventure,2005,M,1,59,No,0.13,0.03,NA,NA,0.17
True Crime: Streets of LA,Activision,ActionAdventure,2003,M,1,77,No,0.44,0.11,NA,0.02,0.56
Ty the Tasmanian Tiger 3: Night of the Quinkan,Activision,ActionAdventure,2005,T,2,68,No,0.07,0.02,NA,NA,0.09
Ultimate Spider-Man,Activision,ActionAdventure,2005,T,1,76,No,0.29,0.07,NA,0.01,0.37
Viewtiful Joe,Capcom,ActionAdventure,2003,T,1,93,No,0.38,0.1,0.12,0.02,0.62
Viewtiful Joe 2,Capcom,ActionAdventure,2004,T,1,86,No,0.17,0.04,NA,0.01,0.22
Viewtiful Joe: Red Hot Rumble,Capcom,ActionAdventure,2005,T,4,62,Yes,0.04,0.01,NA,NA,0.06
X-Men: The Official Game,Activision,ActionAdventure,2006,T,1,50,No,0.12,0.03,NA,NA,0.15
Zoids Vs.,Tomy Corporation,ActionAdventure,2002,T,2,NA,Yes,NA,NA,NA,NA,NA
Zoids: Battle Legends,Tomy Corporation,ActionAdventure,2003,T,2,NA,Yes,0.12,0.03,NA,NA,0.15
Intellivision Lives!,Crave Entertainment,Collection,2004,E,4,61,No,0.05,0.01,NA,NA,0.06
Mega Man X Collection,Capcom,Collection,2006,E,2,75,No,0.1,0.03,NA,NA,0.13
Midway Arcade Treasures,Midway Games,Collection,2003,T,4,72,No,0.13,0.03,NA,NA,0.17
Midway Arcade Treasures 2,Midway Games,Collection,2004,M,4,74,No,0.13,0.03,NA,NA,0.16
Midway Arcade Treasures 3,Midway Games,Collection,2005,E,4,65,No,0.05,0.01,NA,NA,0.07
Namco Museum,Namco Bandai Games,Collection,2002,E,2,62,No,0.48,0.13,NA,0.02,0.63
Namco Museum: 50th Anniversary,Namco Bandai Games,Collection,2005,E10,2,60,No,0.17,0.04,NA,0.01,0.21
Pac-Man Player's Choice Bundle,Namco Bandai Games,Collection,2003,E,4,NA,Yes,0.48,0.12,NA,0.02,0.62
Sonic Gems Collection,Sega,Collection,2005,E,4,64,No,0.32,0.08,NA,0.01,0.42
Sonic Mega Collection,Sega,Collection,2002,E,2,75,No,1.47,0.48,0.05,0.06,2.05
Barbarian,Virgin Interactive,Fighting,2003,T,2,NA,No,NA,NA,NA,NA,NA
Battle Stadium D.O.N,Namco Bandai Games,Fighting,2006,NA,4,NA,No,NA,NA,0.09,NA,0.09
Black & Bruised,Vivendi Games,Fighting,2003,T,2,66,No,0.04,0.01,NA,NA,0.05
Bleach GC: Tasogare Ni Mamieru Shinigami,Sega,Fighting,2005,NA,2,NA,Yes,NA,NA,0.08,NA,0.09
Bloody Roar: Primal Fury,Activision,Fighting,2002,T,2,75,Yes,0.14,0.04,NA,NA,0.18
Capcom vs. SNK 2 EO,Capcom,Fighting,2002,T,2,68,Yes,0.09,0.02,NA,NA,0.11
David Douillet Judo,BigBen Interactive,Fighting,2006,E,2,NA,No,NA,NA,NA,NA,NA
Def Jam Vendetta,Electronic Arts,Fighting,2003,T,2,81,No,0.19,0.05,NA,0.01,0.25
Digimon Rumble Arena 2,Atari,Fighting,2004,T,4,71,No,0.03,0.01,NA,NA,0.04
Dragon Ball Z: Budokai,Atari,Fighting,2003,T,2,65,No,0.53,0.14,NA,0.02,0.69
Dragon Ball Z: Budokai 2,Atari,Fighting,2004,T,2,66,No,0.21,0.06,NA,0.01,0.27
Dragon Ball Z: Sagas,Atari,Fighting,2005,T,2,48,No,0.16,0.04,NA,0.01,0.21
DreamMix TV: World Fighters,Hudson Soft,Fighting,2003,NA,4,NA,No,NA,NA,NA,NA,NA
Fight Night Round 2,Electronic Arts,Fighting,2005,T,2,87,No,0.13,0.03,NA,NA,0.17
Godzilla: Destroy All Monsters Melee,Atari,Fighting,2002,T,4,73,Yes,0.55,0.14,NA,0.02,0.71
Legends of Wrestling,Acclaim Entertainment,Fighting,2002,T,4,50,No,0.1,0.03,NA,NA,0.13
Legends of Wrestling II,Acclaim Entertainment,Fighting,2002,T,4,59,No,0.09,0.02,NA,NA,0.12
Marvel Nemesis: Rise of the Imperfects,Electronic Arts,Fighting,2005,T,2,54,No,0.3,0.08,NA,0.01,0.38
Mortal Kombat: Deadly Alliance,Midway Games,Fighting,2002,M,2,81,No,0.31,0.08,NA,0.01,0.41
Mortal Kombat: Deception,Midway Games,Fighting,2005,M,2,77,No,0.09,0.02,NA,NA,0.11
Naruto: Clash of Ninja,Tomy Corporation,Fighting,2003,T,2,72,Yes,0.53,0.14,0.21,0.03,0.89
Naruto: Clash of Ninja 2,Nintendo,Fighting,2003,T,4,74,Yes,0.44,0.12,0.45,0.03,1.04
Naruto: Gekitou Ninja Taisen! 3,Tomy Corporation,Fighting,2004,T,4,NA,Yes,NA,NA,0.43,0.01,0.44
Naruto: Gekitou Ninja Taisen! 4,Tomy Corporation,Fighting,2005,T,4,NA,Yes,NA,NA,0.32,0.01,0.33
One Piece: Grand Adventure,Namco Bandai Games,Fighting,2006,T,2,70,No,0.03,0.01,NA,NA,0.04
One Piece: Grand Battle,Namco Bandai Games,Fighting,2005,T,2,67,No,0.05,0.01,NA,NA,0.06
One Piece: Grand Battle! 3,Namco Bandai Games,Fighting,2003,NA,2,NA,No,NA,NA,0.2,0.01,0.2
One Piece: Treasure Battle!,Namco Bandai Games,Fighting,2002,NA,4,NA,Yes,NA,NA,0.28,0.01,0.29
Rave Master,Konami Digital Entertainment,Fighting,2002,T,4,60,Yes,NA,NA,0.05,NA,0.05
Rocky,Rage Software,Fighting,2002,T,2,74,No,0.07,0.02,NA,NA,0.09
SoulCalibur II,Namco Bandai Games,Fighting,2003,T,2,93,No,0.99,0.32,0.11,0.08,1.5
Super Smash Bros. Melee,Nintendo,Fighting,2001,E,4,92,Yes,4.41,1.04,1.39,0.22,7.07
TMNT: Mutant Melee,Konami Digital Entertainment,Fighting,2005,T,4,44,No,0.06,0.01,NA,NA,0.07
Ultimate Fighting Championship: Throwdown,Ubisoft,Fighting,2002,T,2,67,No,0.06,0.02,NA,NA,0.08
Ultimate Muscle - The Kinnikuman Legacy: Legends vs New Genration,Namco Bandai Games,Fighting,2002,T,4,77,Yes,0.04,0.01,0.08,NA,0.14
WWE Day of Reckoning,THQ,Fighting,2004,T,4,79,Yes,0.35,0.09,NA,0.01,0.45
WWE Day of Reckoning 2,THQ,Fighting,2005,T,4,76,Yes,0.26,0.07,NA,0.01,0.34
WWE Wrestlemania X8,THQ,Fighting,2002,T,4,64,Yes,0.38,0.1,NA,0.01,0.49
WWE Wrestlemania XIX,THQ,Fighting,2003,T,4,76,Yes,0.26,0.07,NA,0.01,0.33
X-Men: Next Dimension,Activision,Fighting,2002,T,2,63,No,0.1,0.03,NA,NA,0.13
Zatch Bell! Mamodo Battles,Namco Bandai Games,Fighting,2005,T,2,57,No,0.05,0.01,NA,NA,0.06
Zatch Bell! Mamodo Fury,Namco Bandai Games,Fighting,2005,T,4,44,No,0.03,0.01,NA,NA,0.04
Zoids: Full Metal Crash,Tomy Corporation,Fighting,2005,NA,2,NA,Yes,NA,NA,NA,NA,NA
Eisei Meijin VI,Konami Digital Entertainment,Miscellaneous,2002,NA,2,NA,No,NA,NA,NA,NA,NA
Hikaru no Go 3,Konami Digital Entertainment,Miscellaneous,2003,NA,2,NA,Yes,NA,NA,NA,NA,NA
Momotarou Dentetsu 11,Hudson Soft,Miscellaneous,2002,NA,1,NA,No,NA,NA,0.07,NA,0.08
Momotarou Dentetsu 12,Hudson Soft,Miscellaneous,2003,NA,1,NA,No,NA,NA,NA,NA,NA
Pinball Hall of Fame: The Gottlieb Collection,Crave Entertainment,Miscellaneous,2005,E,4,64,No,0.04,0.01,NA,NA,0.05
Pokemon Box: Ruby and Sapphire,Nintendo,Miscellaneous,2003,E,1,NA,Yes,NA,NA,0.27,0.01,0.28
World Series of Poker,Activision,Miscellaneous,2005,E10,1,44,No,0.04,0.01,NA,NA,0.05
Dance Dance Revolution: Mario Mix,Nintendo,Music,2005,E,2,69,Yes,0.36,0.09,0.5,0.01,0.97
Donkey Konga,Nintendo,Music,2003,E,4,76,Yes,0.5,0.16,0.46,0.03,1.15
Donkey Konga 2,Nintendo,Music,2004,T,4,69,Yes,0.3,0.08,NA,0.01,0.39
Donkey Konga 3: Tabe-houdai! Haru Mogitate 50 Kyoku,Nintendo,Music,2005,NA,2,NA,Yes,NA,NA,NA,NA,NA
Karaoke Revolution Party,Konami Digital Entertainment,Music,2005,E10,4,80,No,0.05,0.01,NA,NA,0.07
MC Groovz Dance Craze,Mad Catz,Music,2004,E,2,42,Yes,0.15,0.04,NA,0.01,0.2
Disney's Party,Electronic Arts,Party,2002,E,4,39,No,0.04,0.01,NA,NA,0.05
Franklin: A Birthday Surprise,Game Factory,Party,2006,E,4,NA,No,NA,NA,NA,NA,NA
Mario Party 4,Nintendo,Party,2002,E,4,70,Yes,1.13,0.36,0.92,0.07,2.47
Mario Party 5,Nintendo,Party,2003,E,4,69,Yes,0.97,0.33,0.73,0.06,2.08
Mario Party 6,Nintendo,Party,2004,E,4,71,Yes,0.9,0.11,0.6,0.05,1.65
Mario Party 7,Nintendo,Party,2005,E,4,64,Yes,0.95,0.11,0.46,0.04,1.57
Mary-Kate and Ashley: Sweet 16 - Licensed to Drive,Acclaim Entertainment,Party,2003,E,4,49,No,0.17,0.04,NA,0.01,0.22
Monopoly Party,Infogrames Entertainment,Party,2002,E,4,65,No,0.1,0.03,NA,NA,0.13
Muppets Party Cruise,Take-Two Interactive,Party,2003,E,4,NA,No,0.02,NA,NA,NA,0.02
Nickelodeon Party Blast,Atari,Party,2002,E,4,NA,No,0.19,0.05,NA,0.01,0.25
One Piece: Pirates Carnival,Namco Bandai Games,Party,2005,E,4,49,No,0.06,0.02,NA,NA,0.08
Pac-Man Fever,Namco Bandai Games,Party,2002,E,4,54,No,0.21,0.06,NA,0.01,0.28
Shrek Super Party,Take-Two Interactive,Party,2003,E10,4,70,No,0.04,0.01,NA,NA,0.05
"SpongeBob SquarePants: Lights, Camera, Pants!",THQ,Party,2005,E,4,NA,No,0.34,0.09,NA,0.01,0.44
Universal Studios Theme Parks Adventure,Kemco,Party,2001,T,2,39,Yes,0.08,0.02,NA,NA,0.1
Animaniacs: The Great Edgar Hunt,Ignition Entertainment,Platformer,2005,E,1,65,No,0.02,0.01,NA,NA,0.03
Billy Hatcher and the Giant Egg,Sega,Platformer,2003,E,1,71,Yes,0.19,0.05,NA,0.01,0.25
Casper: Spirit Dimensions,Take-Two Interactive,Platformer,2002,E,1,NA,No,0.02,NA,NA,NA,0.02
Cocoto Platform Jumper,BigBen Interactive,Platformer,2004,E,4,NA,No,NA,NA,NA,NA,NA
Codename: Kids Next Door: Operation V.I.D.E.O.G.A.M.E.,Global Star,Platformer,2005,E10,1,58,No,0.04,0.01,NA,NA,0.05
Crash Bandicoot: The Wrath of Cortex,Universal Interactive,Platformer,2002,E,1,62,No,0.46,0.12,NA,0.02,0.59
Disney's Chicken Little,Disney Interactive Studios,Platformer,2005,E10,2,67,No,0.21,0.05,NA,0.01,0.27
Disney's Donald Duck: Goin' Quackers,Ubisoft,Platformer,2002,E,1,61,No,0.03,0.01,NA,NA,0.04
Disney's PK: Out of the Shadows,Ubisoft,Platformer,2002,E,1,46,No,0.04,0.01,NA,NA,0.05
Disney's Tarzan Untamed,Ubisoft,Platformer,2001,E,1,61,No,0.14,0.04,NA,NA,0.18
Disney's The Haunted Mansion,Take-Two Interactive,Platformer,2003,T,1,69,No,0.08,0.02,NA,NA,0.1
Disney's Winnie the Pooh's Rumbly Tumbly Adventure,Ubisoft,Platformer,2005,E,2,59,No,0.05,0.01,NA,NA,0.07
Donkey Kong Jungle Beat,Nintendo,Platformer,2004,E10,1,80,Yes,0.84,0.22,0.24,0.04,1.34
Doraemon Minna de Yuubou!,Epoch,Platformer,2003,NA,1,NA,Yes,NA,NA,NA,NA,NA
Dr. Muto,Midway Games,Platformer,2002,T,1,63,No,0.02,0.01,NA,NA,0.03
Dragon's Lair 3D: Return to the Lair,THQ,Platformer,2002,T,1,65,No,0.03,0.01,NA,NA,0.04
"Ed, Edd n Eddy: The Mis-Edventures",Midway Games,Platformer,2005,E,1,55,No,0.19,0.05,NA,0.01,0.25
Flushed Away,D3 Publisher,Platformer,2006,E,2,47,No,0.12,0.03,NA,NA,0.16
Frogger Beyond,Konami Digital Entertainment,Platformer,2002,E,1,60,No,0.1,0.03,NA,NA,0.13
Frogger: Ancient Shadow,Konami Digital Entertainment,Platformer,2005,E,4,54,No,0.04,0.01,NA,NA,0.05
Frogger's Adventures: The Rescue,Konami Digital Entertainment,Platformer,2003,E,4,61,No,0.12,0.03,NA,NA,0.15
Hudson Selection Vol. 3: PC Genjin,Hudson Soft,Platformer,2003,NA,1,NA,No,NA,NA,NA,NA,NA
Hudson Selection Vol. 4: Takahashi Meijin no Bouken Shima,Hudson Soft,Platformer,2003,NA,1,NA,No,NA,NA,NA,NA,NA
Ice Age 2: The Meltdown,Vivendi Games,Platformer,2006,E10,1,67,No,0.15,0.04,NA,0.01,0.19
I-Ninja,Namco Bandai Games,Platformer,2003,T,1,77,No,0.07,0.02,NA,NA,0.09
Jimmy Neutron: Boy Genius,THQ,Platformer,2002,E,1,42,No,0.07,0.02,NA,NA,0.09
Kao the Kangaroo Round 2,JoWood Productions,Platformer,2005,E,1,57,No,0.01,NA,NA,NA,0.02
Lemony Snicket's A Series of Unfortunate Events,Activision,Platformer,2004,E,1,NA,No,0.2,0.05,NA,0.01,0.26
Looney Tunes: Back in Action,Warner Bros. Interactive Entertainment,Platformer,2003,E,1,64,No,0.13,0.03,NA,NA,0.17
Madagascar,Activision,Platformer,2005,E10,4,70,No,0.52,0.13,NA,0.02,0.66
Mega Man Anniversary Collection,Capcom,Platformer,2004,E,1,81,No,0.32,0.08,NA,0.01,0.42
Mega Man Network Transmission,Capcom,Platformer,2003,E,1,65,Yes,0.13,0.03,NA,NA,0.17
Mission: Impossible - Operation Surma,Atari,Platformer,2004,T,1,64,No,0.01,NA,NA,NA,0.02
"Monsters, Inc. Scream Arena",THQ,Platformer,2002,E,4,39,Yes,0.29,0.07,NA,0.01,0.37
Open Season,Ubisoft,Platformer,2006,E10,4,59,No,0.13,0.03,NA,NA,0.17
Over the Hedge,Activision,Platformer,2006,E10,2,61,No,0.27,0.07,NA,0.01,0.35
Pac-Man World 3,Namco Bandai Games,Platformer,2005,E,1,66,No,0.07,0.02,NA,NA,0.09
Piglet's Big Game,Gotham Games,Platformer,2003,E,1,70,No,0.04,0.01,NA,NA,0.05
Pitfall: The Lost Expedition,Activision,Platformer,2004,E,1,73,No,0.06,0.02,NA,NA,0.08
Ratatouille,THQ,Platformer,2007,E,4,60,No,0.11,0.03,NA,NA,0.14
Rayman 3: Hoodlum Havoc,Ubisoft,Platformer,2003,E,1,77,No,0.05,0.01,NA,NA,0.07
Rocket Power: Beach Bandits,THQ,Platformer,2002,E,2,53,No,0.18,0.05,NA,0.01,0.23
Rugrats: Royal Ransom,THQ,Platformer,2002,E,2,NA,No,0.13,0.03,NA,NA,0.17
Scaler,Take-Two Interactive,Platformer,2004,E,1,69,No,0.03,0.01,NA,NA,0.04
Scooby-Doo! Night of 100 Frights,THQ,Platformer,2002,E,1,68,No,0.23,0.06,NA,0.01,0.3
Scooby-Doo! Unmasked,THQ,Platformer,2005,E,1,64,No,0.12,0.03,NA,NA,0.15
Shadow The Hedgehog,Sega,Platformer,2005,E10,2,51,No,0.76,0.2,NA,0.03,0.99
Shaman King: Soul Fight,Namco Bandai Games,Platformer,2003,NA,2,NA,Yes,NA,NA,0.05,NA,0.05
Shrek 2,Activision,Platformer,2004,E,4,70,No,0.73,0.26,0.01,0.03,1.02
Shrek Extra Large,Take-Two Interactive,Platformer,2002,T,4,36,No,0.13,0.03,NA,NA,0.17
Sonic Adventure 2 Battle,Sega,Platformer,2001,E,2,73,Yes,1.7,0.59,0.21,0.07,2.56
Sonic Adventure DX: Director's Cut,Sega,Platformer,2003,E,1,57,Yes,0.87,0.3,0.06,0.03,1.27
Sonic Heroes,Sega,Platformer,2003,E,2,72,No,1.05,0.44,0.06,0.04,1.6
Spirits & Spells,Wanadoo,Platformer,2003,E,1,50,Yes,0.01,NA,NA,NA,0.02
SpongeBob SquarePants: Battle for Bikini Bottom,THQ,Platformer,2003,E,1,71,No,0.74,0.19,NA,0.03,0.95
SpongeBob SquarePants: Creature from the Krusty Krab,THQ,Platformer,2006,E,1,74,No,0.25,0.07,NA,0.01,0.33
SpongeBob SquarePants: Revenge of the Flying Dutchman,THQ,Platformer,2002,E,1,66,No,0.15,0.04,NA,0.01,0.2
Spyro: A Hero's Tail,Vivendi Games,Platformer,2004,E,1,62,No,0.22,0.06,NA,0.01,0.29
Spyro: Enter the Dragonfly,Universal Interactive,Platformer,2002,E,1,48,No,0.55,0.14,NA,0.02,0.71
Super Mario Sunshine,Nintendo,Platformer,2002,E,1,92,Yes,4.01,1.26,0.87,0.17,6.31
Super Monkey Ball Adventure,Sega,Platformer,2006,E,4,51,No,0.12,0.03,NA,NA,0.15
Tak 2: The Staff of Dreams,THQ,Platformer,2004,E,2,72,No,0.26,0.07,NA,0.01,0.33
Tak and the Power of Juju,THQ,Platformer,2003,E,1,71,No,0.31,0.08,NA,0.01,0.4
Tak: The Great Juju Challenge,THQ,Platformer,2005,E,2,75,No,0.12,0.03,NA,NA,0.15
Taz Wanted,Atari,Platformer,2002,E,1,61,No,0.06,0.02,NA,NA,0.08
Teenage Mutant Ninja Turtles,Konami Digital Entertainment,Platformer,2003,E,2,57,No,0.26,0.07,NA,0.01,0.34
The Ant Bully,Midway Games,Platformer,2006,E10,1,51,No,0.09,0.02,NA,NA,0.12
The Fairly Odd Parents: Shadow Showdown,THQ,Platformer,2004,E,2,61,No,0.16,0.04,NA,0.01,0.2
The Fairly OddParents: Breakin' Da Rules,THQ,Platformer,2003,E,1,NA,No,0.16,0.04,NA,0.01,0.21
The Hobbit,Vivendi Games,Platformer,2003,E,1,61,No,0.13,0.03,NA,NA,0.17
The Incredibles: Rise of the Underminer,THQ,Platformer,2005,E10,2,67,No,0.12,0.03,NA,NA,0.16
The Legend of Spyro: A New Beginning,Vivendi Games,Platformer,2006,E10,1,67,No,0.15,0.04,NA,0.01,0.19
The SpongeBob SquarePants Movie,THQ,Platformer,2004,E,1,73,No,0.73,0.19,NA,0.03,0.94
Ty the Tasmanian Tiger,Electronic Arts,Platformer,2002,E,1,69,No,0.21,0.05,NA,0.01,0.27
Ty the Tasmanian Tiger 2: Bush Rescue,Electronic Arts,Platformer,2004,E,2,70,No,0.15,0.04,NA,0.01,0.2
Vexx,Acclaim Entertainment,Platformer,2003,T,1,71,No,0.05,0.01,NA,NA,0.06
Wallace & Gromit in Project Zoo,BAM! Entertainment,Platformer,2003,E,1,66,No,0.05,0.01,NA,NA,0.07
Wario World,Nintendo,Platformer,2003,E,1,71,Yes,0.34,0.09,NA,0.01,0.44
X2: Wolverine's Revenge,Activision,Platformer,2003,T,1,62,No,0.09,0.02,NA,NA,0.12
Zapper: One Wicked Cricket!,Infogrames Entertainment,Platformer,2002,E,4,55,No,0.1,0.03,NA,NA,0.13
Bust-A-Move 3000,Ubisoft,Puzzle,2003,E,2,53,Yes,0.01,NA,NA,NA,0.01
Egg Mania: Eggstreme Madness,Kemco,Puzzle,2002,E,2,64,No,0.01,NA,NA,NA,0.01
Hudson Selection Vol. 1: Cubic Lode Runner,Hudson Soft,Puzzle,2003,NA,1,NA,No,NA,NA,NA,NA,NA
Kururin Squash!,Nintendo,Puzzle,2004,E,4,NA,Yes,NA,NA,NA,NA,NA
Mr. Driller: Drill Land,Namco Bandai Games,Puzzle,2002,NA,2,NA,Yes,NA,NA,NA,NA,NA
Nintendo Puzzle Collection,Nintendo,Puzzle,2003,NA,2,NA,Yes,NA,NA,0.13,NA,0.13
Pac-Man vs.,Namco Bandai Games,Puzzle,2003,E,4,78,Yes,NA,NA,NA,NA,NA
Puyo Pop Fever,Sega,Puzzle,2004,E,2,72,No,0.01,NA,NA,NA,0.01
Super Bubble Pop,Jaleco,Puzzle,2003,E,2,54,No,0.04,0.01,NA,NA,0.05
Super Monkey Ball,Sega,Puzzle,2001,E,4,87,Yes,0.95,0.37,0.1,0.04,1.46
Super Monkey Ball 2,Sega,Puzzle,2002,E,4,87,Yes,1.11,0.31,0.06,0.04,1.52
Tetris Worlds,THQ,Puzzle,2002,E,4,47,No,0.17,0.04,NA,0.01,0.22
"WarioWare, Inc.: Mega Party Game$",Nintendo,Puzzle,2003,E,4,76,Yes,0.2,0.05,0.44,0.02,0.71
Worms Blast,Ubisoft,Puzzle,2002,E,2,65,No,0.05,0.01,NA,NA,0.06
ZooCube,Acclaim Entertainment,Puzzle,2002,E,4,67,No,0.02,NA,NA,NA,0.02
18 Wheeler: American Pro Trucker,Acclaim Entertainment,Racing,2002,E,2,52,No,0.09,0.02,NA,NA,0.11
4x4 EVO 2,Vivendi Games,Racing,2002,E,2,56,No,0.11,0.03,NA,NA,0.14
American Chopper 2: Full Throttle,Activision,Racing,2005,E,1,54,No,0.04,0.01,NA,NA,0.05
ATV Quad Power Racing 2,Acclaim Entertainment,Racing,2003,T,2,70,No,0.22,0.06,NA,0.01,0.28
Auto Modellista,Capcom,Racing,2003,E,2,62,No,0.02,0.01,NA,NA,0.03
Big Air Freestyle,Atari,Racing,2002,T,2,56,Yes,0.04,0.01,NA,NA,0.05
Big Mutha Truckers,Empire Interactive,Racing,2003,T,1,63,No,0.06,0.02,NA,NA,0.08
Burnout,Acclaim Entertainment,Racing,2002,E,2,78,No,0.23,0.06,NA,0.01,0.3
Burnout 2: Point of Impact,Acclaim Entertainment,Racing,2003,E,2,89,No,0.12,0.03,NA,NA,0.15
Butt-Ugly Martians: Zoom or Doom!,Vivendi Games,Racing,2003,E,2,41,No,NA,NA,NA,NA,NA
Cars,THQ,Racing,2006,E,2,71,No,0.72,0.19,NA,0.03,0.93
Cel Damage,Electronic Arts,Racing,2002,T,4,67,No,0.05,0.01,NA,NA,0.06
Charinko Hero,Banpresto,Racing,2003,NA,4,NA,Yes,NA,NA,NA,NA,NA
City Racer,Ubisoft,Racing,2003,E,2,58,No,0.01,NA,NA,NA,0.01
Cocoto Kart Racer,BigBen Interactive,Racing,2005,E,4,NA,No,NA,NA,NA,NA,NA
Crash Nitro Kart,Vivendi Games,Racing,2003,E,4,66,No,0.2,0.05,NA,0.01,0.26
Crash Tag Team Racing,Vivendi Games,Racing,2005,E10,4,66,No,0.12,0.03,NA,NA,0.16
Crazy Taxi,Acclaim Entertainment,Racing,2001,T,2,69,No,0.36,0.09,0.02,0.01,0.49
Dakar 2: The World's Ultimate Rally,Acclaim Entertainment,Racing,2003,E,2,70,No,0.02,0.01,NA,NA,0.03
Driven,BAM! Entertainment,Racing,2002,T,2,55,No,0.06,0.02,NA,NA,0.08
Drome Racers,Electronic Arts,Racing,2003,E,4,54,No,0.02,0.01,NA,NA,0.03
F1 2002,Electronic Arts,Racing,2002,E,4,72,No,0.02,0.01,NA,NA,0.03
F1 Career Challenge,Electronic Arts,Racing,2003,E,4,NA,No,NA,NA,NA,NA,NA
Freaky Flyers,Midway Games,Racing,2003,T,2,69,No,0.01,NA,NA,NA,0.01
Freekstyle,Electronic Arts,Racing,2002,E,2,78,No,0.07,0.02,NA,NA,0.09
Freestyle Metal X,Midway Games,Racing,2003,T,4,70,No,0.01,NA,NA,NA,0.02
F-Zero GX,Nintendo,Racing,2003,T,4,89,Yes,0.41,0.11,0.12,0.02,0.65
Grooverider: Slot Car Thunder,Encore,Racing,2003,E,4,49,No,0.01,NA,NA,NA,0.01
Hot Wheels Velocity X,THQ,Racing,2002,E,4,55,No,0.09,0.02,NA,NA,0.11
Hot Wheels World Race,THQ,Racing,2003,E,4,59,No,0.13,0.03,NA,NA,0.16
Jeremy McGrath Supercross World,Acclaim Entertainment,Racing,2002,E,2,36,No,0.09,0.02,NA,NA,0.12
Kirby Air Ride,Nintendo,Racing,2003,E,4,61,Yes,1.01,0.11,0.45,0.04,1.62
Lotus Challenge,Ignition Entertainment,Racing,2004,E,2,NA,No,0.01,NA,NA,NA,0.02
Mario Kart: Double Dash!!,Nintendo,Racing,2003,E,4,87,Yes,4.12,1.77,0.87,0.19,6.95
Micro Machines,Atari,Racing,2003,E,4,NA,No,NA,NA,NA,NA,NA
Monster 4x4: Masters of Metal,Ubisoft,Racing,2003,E,2,49,No,0.04,0.01,NA,NA,0.05
Monster Jam: Maximum Destruction,Ubisoft,Racing,2002,T,4,NA,No,0.04,0.01,NA,NA,0.05
MX SuperFly featuring Ricky Carmichael,THQ,Racing,2002,E,2,76,No,0.07,0.02,NA,NA,0.09
NASCAR 2005: Chase for the Cup,Electronic Arts,Racing,2004,E,2,NA,No,0.1,0.02,NA,NA,0.12
NASCAR Thunder 2003,Electronic Arts,Racing,2002,E,4,85,No,0.24,0.06,NA,0.01,0.31
NASCAR: Dirt to Daytona,Infogrames Entertainment,Racing,2002,E,4,85,No,0.07,0.02,NA,NA,0.09
Need for Speed Carbon,Electronic Arts,Racing,2006,E10,2,75,No,0.27,0.07,NA,0.01,0.35
Need for Speed Underground,Electronic Arts,Racing,2003,E,2,83,No,0.69,0.48,0.01,0.03,1.21
Need for Speed Underground 2,Electronic Arts,Racing,2004,E,2,80,No,0.7,0.39,0.01,0.03,1.14
Need for Speed: Hot Pursuit 2,Electronic Arts,Racing,2002,E,2,68,No,0.68,0.09,NA,0.02,0.8
Need for Speed: Most Wanted,Electronic Arts,Racing,2005,T,2,80,No,0.43,0.11,NA,0.02,0.56
Pac-Man World Rally,Namco Bandai Games,Racing,2006,E,2,57,No,0.06,0.02,NA,NA,0.08
Pro Rally,Ubisoft,Racing,2002,E,2,64,No,0.01,NA,NA,NA,0.02
R: Racing Evolution,Namco Bandai Games,Racing,2003,T,2,67,No,0.06,0.02,NA,NA,0.08
Rally Championship,SCi,Racing,2003,E,2,63,No,0.01,NA,NA,NA,0.01
Rayman Arena,Ubisoft,Racing,2002,E,4,60,No,0.11,0.03,NA,NA,0.14
Road Trip: The Arcade Edition,Zoo Digital Publishing,Racing,2002,E,4,NA,Yes,0.02,NA,NA,NA,0.02
Room Zoom: Race for Impact,Jaleco,Racing,2004,M,4,NA,No,NA,NA,NA,NA,NA
Shinseiki GPX Cyber Formula: Road To The EVOLUTION,Sunrise Interactive,Racing,2004,NA,4,NA,No,NA,NA,NA,NA,NA
Shrek Smash n' Crash Racing,Activision,Racing,2006,E,2,NA,No,0.1,0.03,NA,NA,0.13
Smashing Drive,Namco Bandai Games,Racing,2002,T,2,47,No,0.06,0.01,NA,NA,0.07
Smuggler's Run: Warzones,Take-Two Interactive,Racing,2002,T,4,79,No,0.06,0.02,NA,NA,0.08
Sonic Riders,Sega,Racing,2006,E,4,59,No,0.71,0.18,NA,0.03,0.92
Speed Kings,Acclaim Entertainment,Racing,2003,E,4,59,No,0.01,NA,NA,NA,0.02
Spy Hunter,Midway Games,Racing,2002,T,2,71,Yes,0.16,0.04,NA,0.01,0.2
SRS: Street Racing Syndicate,Namco Bandai Games,Racing,2004,T,2,64,No,0.07,0.02,NA,NA,0.08
Starsky & Hutch,BAM! Entertainment,Racing,2003,T,2,59,No,0.08,0.02,NA,NA,0.11
SX Superstar,Acclaim Entertainment,Racing,2003,T,2,NA,No,0.03,0.01,NA,NA,0.03
Taxi 3,Ubisoft,Racing,2003,E,1,NA,No,NA,NA,NA,NA,NA
The Italian Job,Eidos Interactive,Racing,2003,T,2,56,No,0.03,0.01,NA,NA,0.03
The Simpsons: Hit & Run,Vivendi Games,Racing,2003,T,4,79,No,0.77,0.2,NA,0.03,0.99
The Simpsons: Road Rage,Electronic Arts,Racing,2001,T,2,67,No,0.19,0.05,NA,0.01,0.24
Tube Slider,NEC Interchannel,Racing,2003,E,4,62,Yes,0.02,NA,NA,NA,0.02
V-Rally 3,Atari,Racing,2003,E,4,NA,No,NA,NA,NA,NA,NA
Wave Race: Blue Storm,Nintendo,Racing,2001,E,4,80,Yes,0.4,0.1,0.09,0.02,0.6
World Racing,Konami Digital Entertainment,Racing,2004,E,2,NA,No,NA,NA,NA,NA,NA
Wreckless: ThE YaKuza MisSiOns,Activision,Racing,2002,T,2,58,No,0.04,0.01,NA,NA,0.06
WWE Crush Hour,THQ,Racing,2003,T,2,55,No,0.06,0.02,NA,NA,0.08
XGIII: Extreme G Racing,Acclaim Entertainment,Racing,2001,E,4,83,No,0.12,0.03,NA,NA,0.15
XGRA: Extreme G Racing Association,Acclaim Entertainment,Racing,2003,T,4,69,No,0.02,NA,NA,NA,0.02
Baldur's Gate: Dark Alliance,Virgin Interactive,RolePlaying,2002,T,2,79,No,0.11,0.03,NA,NA,0.14
Baten Kaitos Origins,Namco Bandai Games,RolePlaying,2006,T,1,75,Yes,0.06,0.02,0.02,NA,0.1
Baten Kaitos: Eternal Wings and the Lost Ocean,Namco Bandai Games,RolePlaying,2003,T,1,80,Yes,0.21,0.05,NA,0.01,0.27
Boboboubo Boubobo Dassutsu! Hajike Royale,Hudson Soft,RolePlaying,2005,NA,4,NA,Yes,NA,NA,NA,NA,NA
Custom Robo,Nintendo,RolePlaying,2004,T,4,65,Yes,0.29,0.07,NA,0.01,0.37
Digimon World 4,Namco Bandai Games,RolePlaying,2005,E,4,55,No,0.07,0.02,NA,NA,0.09
Dokapon DX: Wataru Sekai wa Oni Darake,Asmik Ace Entertainment,RolePlaying,2003,NA,4,NA,Yes,NA,NA,NA,NA,NA
Evolution Worlds,Ubisoft,RolePlaying,2002,E,1,63,Yes,0.06,0.02,NA,NA,0.08
Final Fantasy: Crystal Chronicles,Nintendo,RolePlaying,2003,T,4,80,Yes,0.72,0.38,0.36,0.04,1.49
Fire Emblem: Path of Radiance,Nintendo,RolePlaying,2005,T,1,85,Yes,0.29,0.08,0.16,0.01,0.54
Generation of Chaos Exceed,Idea Factory,RolePlaying,2003,NA,1,NA,Yes,NA,NA,NA,NA,NA
GiFTPiA,Nintendo,RolePlaying,2003,NA,1,NA,Yes,NA,NA,0.11,NA,0.11
Harvest Moon: A Wonderful Life,Ubisoft,RolePlaying,2003,E,1,79,No,0.61,0.16,NA,0.02,0.79
Harvest Moon: Another Wonderful Life,Marvelous Interactive,RolePlaying,2004,E,1,70,Yes,0.19,0.05,NA,0.01,0.24
Lost Kingdoms,Activision,RolePlaying,2002,T,2,72,Yes,0.1,0.02,0.04,NA,0.17
Lost Kingdoms II,Activision,RolePlaying,2003,T,2,68,Yes,0.04,0.01,NA,NA,0.06
Medabots: Infinity,Ubisoft,RolePlaying,2003,E,2,51,Yes,0.04,0.01,NA,NA,0.05
Mega Man X: Command Mission,Capcom,RolePlaying,2004,E,1,67,No,0.1,0.02,NA,NA,0.12
Paper Mario: The Thousand-Year Door,Nintendo,RolePlaying,2004,E,1,87,Yes,1.48,0.25,0.46,0.06,2.25
Phantasy Star Online Episode I & II,Sega,RolePlaying,2002,T,4,85,No,0.23,0.06,0.16,0.01,0.45
Phantasy Star Online Episode I & II Plus,Sega,RolePlaying,2003,T,4,NA,No,0.04,0.01,NA,NA,0.05
Phantasy Star Online Episode III: C.A.R.D. Revolution,Sega,RolePlaying,2003,T,4,71,Yes,0.06,0.02,NA,NA,0.08
Pokemon Colosseum,Nintendo,RolePlaying,2003,E,4,73,Yes,1.21,0.57,0.7,0.07,2.54
Pokemon XD: Gale of Darkness,Nintendo,RolePlaying,2005,E,4,64,Yes,0.71,0.19,0.31,0.03,1.25
Skies of Arcadia Legends,Atari,RolePlaying,2002,T,1,84,Yes,0.17,0.04,NA,0.01,0.22
Summoner: A Goddess Reborn,THQ,RolePlaying,2003,T,1,72,No,0.04,0.01,NA,NA,0.05
Tales of Symphonia,Namco Bandai Games,RolePlaying,2003,T,4,86,Yes,0.54,0.21,0.31,0.04,1.1
Tensai Bit-Kun: Gramon Battle,Taito,RolePlaying,2003,NA,2,NA,No,NA,NA,NA,NA,NA
The Lord of the Rings: The Third Age,Electronic Arts,RolePlaying,2004,T,2,74,No,0.22,0.06,NA,0.01,0.29
Virtua Quest,Sega,RolePlaying,2005,T,1,55,No,0.01,NA,NA,NA,0.01
X-Men Legends,Activision,RolePlaying,2004,T,4,81,No,0.41,0.11,NA,0.01,0.53
X-Men Legends II: Rise of Apocalypse,Activision,RolePlaying,2005,T,4,82,No,0.19,0.05,NA,0.01,0.25
Alien Hominid,O3 Entertainment,Shooter,2004,T,4,78,No,0.07,0.02,NA,NA,0.09
Army Men: Air Combat - The Elite Missions,3DO,Shooter,2003,T,2,46,Yes,0.01,NA,NA,NA,0.01
Army Men: Sarge's War,Global Star,Shooter,2004,T,4,56,No,0.12,0.03,NA,NA,0.15
Bad Boys: Miami Takedown,Empire Interactive,Shooter,2004,M,1,35,No,0.03,0.01,NA,NA,0.05
Bionicle Heroes,Eidos Interactive,Shooter,2006,E10,1,51,No,0.08,0.02,NA,NA,0.11
BloodRayne,Universal Interactive,Shooter,2002,M,1,73,No,0.09,0.02,NA,NA,0.11
BlowOut,Majesco Entertainment,Shooter,2003,T,1,68,No,0.01,NA,NA,NA,0.01
Call Of Duty 2: Big Red One,Activision,Shooter,2005,T,1,76,No,0.25,0.07,NA,0.01,0.33
Call of Duty: Finest Hour,Activision,Shooter,2004,T,1,74,No,0.31,0.08,NA,0.01,0.4
Chaos Field,Sega,Shooter,2005,T,1,67,Yes,0.01,NA,NA,NA,0.01
Cocoto Funfair,BigBen Interactive,Shooter,2006,E,4,NA,No,NA,NA,NA,NA,NA
Conflict: Desert Storm,SCi,Shooter,2003,T,4,62,No,0.06,0.02,NA,NA,0.08
Conflict: Desert Storm II - Back to Bagdhad,SCi,Shooter,2004,T,4,73,No,0.03,0.01,NA,NA,0.04
Dead to Rights,Electronic Arts,Shooter,2002,M,1,77,No,0.11,0.03,NA,NA,0.14
Die Hard: Vendetta,NDA Productions,Shooter,2002,M,1,54,No,0.09,0.02,NA,NA,0.12
Dragon Drive: D-Masters Shot,Namco Bandai Games,Shooter,2003,NA,2,NA,Yes,NA,NA,NA,NA,NA
Freedom Fighters,Electronic Arts,Shooter,2003,T,4,83,No,0.1,0.03,NA,NA,0.13
GoldenEye: Rogue Agent,Electronic Arts,Shooter,2004,T,4,60,No,0.28,0.07,NA,0.01,0.36
Gotcha Force,Capcom,Shooter,2003,E,4,56,Yes,0.01,NA,0.01,NA,0.03
Gun,Activision,Shooter,2005,M,1,77,No,0.14,0.04,NA,NA,0.18
Hudson Selection Vol. 2: Star Soldier,Hudson Soft,Shooter,2003,NA,1,NA,No,NA,NA,NA,NA,NA
Ikaruga,Atari,Shooter,2003,E,2,85,Yes,0.07,0.02,NA,NA,0.09
James Bond 007: Agent Under Fire,Electronic Arts,Shooter,2002,T,4,74,No,0.56,0.15,NA,0.02,0.72
James Bond 007: Everything or Nothing,Electronic Arts,Shooter,2004,T,2,84,No,0.32,0.08,NA,0.01,0.42
James Bond 007: Nightfire,Electronic Arts,Shooter,2002,T,4,80,No,0.6,0.16,NA,0.02,0.78
Judge Dredd: Dredd Vs Death,Vivendi Games,Shooter,2003,M,4,56,No,NA,NA,NA,NA,NA
Medal of Honor European Assault,Electronic Arts,Shooter,2005,T,4,71,No,0.19,0.05,NA,0.01,0.25
Medal of Honor: Frontline,Electronic Arts,Shooter,2002,T,4,80,No,0.46,0.12,NA,0.02,0.59
Medal of Honor: Rising Sun,Electronic Arts,Shooter,2003,T,4,68,No,0.33,0.09,NA,0.01,0.42
Men in Black II: Alien Escape,Infogrames Entertainment,Shooter,2003,T,1,NA,No,0.01,NA,NA,NA,0.01
Metal Arms: Glitch in the System,Vivendi Games,Shooter,2003,T,4,83,No,0.08,0.02,NA,NA,0.1
Metroid Prime,Nintendo,Shooter,2002,T,1,97,Yes,1.96,0.67,0.1,0.09,2.82
Metroid Prime 2: Echoes,Nintendo,Shooter,2004,T,4,92,Yes,0.87,0.35,0.07,0.04,1.33
Mobile Suit Gundam: Gundam vs. Z Gundam,Namco Bandai Games,Shooter,2004,T,2,NA,No,NA,NA,NA,NA,NA
P.N.03 - Product Number Three,Capcom,Shooter,2003,T,1,63,Yes,0.06,0.02,NA,NA,0.08
Radirgy Generic,Milestone,Shooter,2006,E,2,NA,No,NA,NA,NA,NA,NA
Red Faction II,THQ,Shooter,2003,M,4,79,No,0.03,0.01,NA,NA,0.03
Reign of Fire,BAM! Entertainment,Shooter,2002,T,1,54,No,0.08,0.02,NA,NA,0.11
RoboCop,Titus,Shooter,2004,NA,1,NA,No,NA,NA,NA,NA,NA
Robotech: Battlecry,Take-Two Interactive,Shooter,2002,T,2,74,No,0.13,0.03,NA,NA,0.16
Serious Sam: Next Encounter,Global Star,Shooter,2004,M,4,69,No,0.02,NA,NA,NA,0.02
Shikigami no Shiro II,Kids Station,Shooter,2003,E,2,NA,No,NA,NA,NA,NA,NA
Space Raiders,Taito,Shooter,2003,T,2,40,No,0.01,NA,NA,NA,0.01
Star Fox: Assault,Nintendo,Shooter,2005,T,4,67,Yes,0.68,0.18,0.19,0.03,1.08
Star Wars Jedi Knight II: Jedi Outcast,Activision,Shooter,2002,T,2,75,No,0.18,0.05,NA,0.01,0.23
Star Wars Rogue Leader: Rogue Squadron II,LucasArts,Shooter,2001,T,1,90,Yes,1.03,0.75,0.03,0.09,1.9
Star Wars Rogue Squadron III: Rebel Strike,LucasArts,Shooter,2003,T,2,75,Yes,0.62,0.16,NA,0.02,0.8
Star Wars: Bounty Hunter,LucasArts,Shooter,2002,T,1,67,No,0.2,0.05,NA,0.01,0.26
Star Wars: Clone Wars,Activision,Shooter,2002,T,4,73,No,0.31,0.08,NA,0.01,0.4
Terminator 3: The Redemption,Atari,Shooter,2004,T,2,68,No,0.02,NA,NA,NA,0.02
The Sum of All Fears,Ubisoft,Shooter,2003,T,1,36,No,0.03,0.01,NA,NA,0.03
TimeSplitters 2,Eidos Interactive,Shooter,2002,T,4,88,No,0.34,0.09,NA,0.01,0.44
TimeSplitters: Future Perfect,Electronic Arts,Shooter,2005,M,4,82,No,0.06,0.02,NA,NA,0.08
Tom Clancy's Ghost Recon,Ubisoft,Shooter,2003,M,2,59,No,0.11,0.03,NA,NA,0.15
Tom Clancy's Ghost Recon 2,Ubisoft,Shooter,2005,T,1,54,No,0.06,0.01,NA,NA,0.07
Tom Clancy's Rainbow Six 3,Ubisoft,Shooter,2004,M,2,68,No,0.04,0.01,NA,NA,0.06
Tom Clancy's Rainbow Six: Lockdown,Ubisoft,Shooter,2005,M,2,72,No,0.04,0.01,NA,NA,0.05
Trigger Man,Crave Entertainment,Shooter,2004,T,1,NA,No,0.01,NA,NA,NA,0.02
Turok: Evolution,Acclaim Entertainment,Shooter,2002,M,4,70,No,0.3,0.08,NA,0.01,0.38
XIII,Ubisoft,Shooter,2003,M,4,73,No,0.07,0.02,NA,NA,0.09
Zoids Vs. III,Tomy Corporation,Shooter,2004,T,4,NA,Yes,NA,NA,NA,NA,NA
Animal Crossing,Nintendo,Simulation,2001,E,1,87,Yes,1.92,0.16,0.99,0.09,3.15
Bokujou Monogatari: Shiawase no Uta,Marvelous Interactive,Simulation,2005,NA,1,NA,Yes,NA,NA,NA,NA,NA
Doshin the Giant,Nintendo,Simulation,2002,NA,1,NA,Yes,NA,NA,0.14,NA,0.14
Gakuen Toshi Vara Noir Roses,Idea Factory,Simulation,2004,NA,1,NA,No,NA,NA,NA,NA,NA
Harvest Moon: Magical Melody,Ubisoft,Simulation,2005,E,1,83,Yes,0.19,0.05,NA,0.01,0.24
The Sims,Electronic Arts,Simulation,2003,T,2,85,No,0.35,0.13,NA,0.01,0.49
The Sims 2,Electronic Arts,Simulation,2005,T,2,73,No,0.26,0.07,NA,0.01,0.33
The Sims 2: Pets,Electronic Arts,Simulation,2006,T,2,66,No,0.21,0.05,NA,0.01,0.27
The Sims: Bustin' Out,Electronic Arts,Simulation,2003,T,2,81,No,0.43,0.2,NA,0.03,0.66
The Urbz: Sims in the City,Electronic Arts,Simulation,2004,T,2,73,No,0.24,0.14,NA,0.02,0.4
Top Gun: Combat Zones,Titus,Simulation,2002,E,1,59,No,0.12,0.03,NA,NA,0.15
1080 Avalanche,Nintendo,Sports,2003,E,4,73,Yes,NA,NA,NA,NA,NA
2002 FIFA World Cup,Electronic Arts,Sports,2002,E,4,78,No,0.04,0.01,NA,NA,0.05
Aggressive Inline,Acclaim Entertainment,Sports,2002,T,2,88,No,0.04,0.01,NA,NA,0.06
All-Star Baseball 2002,Acclaim Entertainment,Sports,2001,E,4,66,No,0.17,0.04,NA,0.01,0.22
All-Star Baseball 2003,Acclaim Entertainment,Sports,2002,E,4,83,No,0.12,0.03,NA,NA,0.15
All-Star Baseball 2004,Acclaim Entertainment,Sports,2003,E,4,80,No,0.06,0.02,NA,NA,0.08
Archer Maclean Presents: Pool Paradise,Ignition Entertainment,Sports,2004,E,2,76,No,0.02,0.01,NA,NA,0.03
Backyard Baseball,Infogrames Entertainment,Sports,2003,E,2,70,No,0.1,0.03,NA,NA,0.13
Backyard NFL Football,Infogrames Entertainment,Sports,2002,E,2,58,No,0.2,0.05,NA,0.01,0.26
Backyard Sports Baseball 2007,Atari,Sports,2007,E,2,NA,No,NA,NA,NA,NA,NA
Beach Spikers: Virtua Beach Volleyball,Sega,Sports,2002,E,4,76,Yes,0.08,0.02,NA,NA,0.1
BMX XXX,Acclaim Entertainment,Sports,2002,M,2,60,No,0.05,0.01,NA,NA,0.06
Cabela's Big Game Hunter 2005 Adventures,Activision,Sports,2004,T,2,NA,No,0.05,0.01,NA,NA,0.07
Cabela's Dangerous Hunts 2,Activision,Sports,2005,T,2,NA,No,0.03,0.01,NA,NA,0.03
Cabela's Outdoor Adventures,Activision,Sports,2005,T,2,NA,No,0.03,0.01,NA,NA,0.03
Cabela's Outdoor Adventures (2006),Activision,Sports,2005,T,2,NA,No,NA,NA,NA,NA,NA
Captain Tsubasa: Ougon Sedai no Chousen,Konami Digital Entertainment,Sports,2002,NA,1,NA,Yes,NA,NA,NA,NA,NA
Cocoto Fishing Master,BigBen Interactive,Sports,2005,E,1,NA,No,NA,NA,NA,NA,NA
Dark Summit,THQ,Sports,2002,T,2,68,No,0.04,0.01,NA,NA,0.05
Dave Mirra Freestyle BMX 2,Acclaim Entertainment,Sports,2001,T,2,78,No,0.21,0.06,NA,0.01,0.28
Derby Tsuku 3: Derby Uma o Tsukurou!,Sega,Sports,2003,NA,1,NA,No,NA,NA,NA,NA,NA
Disney Sports Basketball,Konami Digital Entertainment,Sports,2002,E,4,37,Yes,0.01,NA,NA,NA,0.01
Disney Sports Football,Konami Digital Entertainment,Sports,2002,E,4,59,Yes,0.01,NA,NA,NA,0.02
Disney Sports Skateboarding,Konami Digital Entertainment,Sports,2002,E,2,36,Yes,0.05,0.01,NA,NA,0.06
Disney Sports Soccer,Konami Digital Entertainment,Sports,2002,E,4,75,Yes,0.03,0.01,NA,NA,0.03
Disney's Extreme Skate Adventure,Activision,Sports,2003,E,2,76,No,0.09,0.02,NA,NA,0.12
ESPN International Winter Sports 2002,Konami Digital Entertainment,Sports,2002,E,2,62,No,0.04,0.01,NA,NA,0.05
ESPN MLS ExtraTime 2002,Konami Digital Entertainment,Sports,2002,E,4,68,No,0.02,NA,NA,NA,0.02
Evolution Skateboarding,Konami Digital Entertainment,Sports,2002,T,2,44,No,0.03,0.01,NA,NA,0.04
Evolution Snowboarding,Konami Digital Entertainment,Sports,2003,T,2,49,No,NA,NA,NA,NA,NA
Family Stadium 2003,Namco Bandai Games,Sports,2003,NA,2,NA,Yes,NA,NA,NA,NA,NA
FIFA 06 Soccer,Electronic Arts,Sports,2005,E,4,80,No,0.11,0.03,NA,NA,0.14
FIFA 07 Soccer,Electronic Arts,Sports,2006,E,4,80,No,0.14,0.04,NA,NA,0.18
FIFA Soccer 2002,Electronic Arts,Sports,2001,E,4,81,No,0.14,0.04,NA,NA,0.18
FIFA Soccer 2003,Electronic Arts,Sports,2002,E,4,86,No,0.06,0.02,NA,NA,0.08
FIFA Soccer 2004,Electronic Arts,Sports,2003,E,4,83,No,0.05,0.01,NA,NA,0.07
FIFA Soccer 2005,Electronic Arts,Sports,2004,E,4,78,No,0.11,0.03,NA,NA,0.14
FIFA Street,Electronic Arts,Sports,2005,E,4,NA,No,0.04,0.01,NA,NA,0.06
FIFA Street 2,Electronic Arts,Sports,2006,E,4,63,No,0.09,0.02,NA,NA,0.11
FIFA World Cup Germany 2006,Electronic Arts,Sports,2006,E,4,76,No,0.1,0.03,NA,NA,0.13
Freestyle Street Soccer,Acclaim Entertainment,Sports,2004,T,4,48,No,NA,NA,NA,NA,NA
Go! Go! Hypergrind,Atlus,Sports,2003,T,2,67,Yes,0.02,0.01,NA,NA,0.03
Harry Potter: Quidditch World Cup,Electronic Arts,Sports,2003,E,2,68,No,0.31,0.08,NA,0.01,0.4
Home Run King,Sega,Sports,2002,E,2,66,Yes,0.09,0.02,NA,NA,0.11
International Superstar Soccer 2,Konami Digital Entertainment,Sports,2002,E,4,NA,No,NA,NA,NA,NA,NA
International Superstar Soccer 3,Konami Digital Entertainment,Sports,2003,E,4,NA,No,NA,NA,NA,NA,NA
Jikkyou Powerful Major League,Konami Digital Entertainment,Sports,2006,NA,2,NA,No,NA,NA,0.04,NA,0.04
Jikkyou Powerful Pro Yakyuu 10,Konami Digital Entertainment,Sports,2003,NA,2,NA,No,NA,NA,0.1,NA,0.1
Jikkyou Powerful Pro Yakyuu 10 Chou Ketteiban,Konami Digital Entertainment,Sports,2003,NA,2,NA,No,NA,NA,NA,NA,NA
Jikkyou Powerful Pro Yakyuu 11,Konami Digital Entertainment,Sports,2004,NA,2,NA,No,NA,NA,0.09,NA,0.1
Jikkyou Powerful Pro Yakyuu 11 Chou Ketteiban,Konami Digital Entertainment,Sports,2004,NA,2,NA,No,NA,NA,NA,NA,NA
Jikkyou Powerful Pro Yakyuu 12,Konami Digital Entertainment,Sports,2005,NA,2,NA,No,NA,NA,0.08,NA,0.08
Jikkyou Powerful Pro Yakyuu 12 Ketteiban,Konami Digital Entertainment,Sports,2005,NA,2,NA,No,NA,NA,0.02,NA,0.02
Jikkyou Powerful Pro Yakyuu 9,Konami Digital Entertainment,Sports,2002,NA,2,NA,No,NA,NA,0.11,NA,0.12
Jikkyou Powerful Pro Yakyuu 9 Ketteiban,Konami Digital Entertainment,Sports,2002,NA,2,NA,No,NA,NA,NA,NA,NA
Jikkyou World Soccer 2002,Konami Digital Entertainment,Sports,2002,NA,4,NA,No,NA,NA,NA,NA,NA
Kelly Slater's Pro Surfer,Activision,Sports,2002,E,2,80,No,0.05,0.01,NA,NA,0.06
Knockout Kings 2003,Electronic Arts,Sports,2002,T,2,78,No,0.12,0.03,NA,NA,0.15
Madden NFL 06,Electronic Arts,Sports,2005,E,4,86,No,0.44,0.11,NA,0.02,0.57
Madden NFL 07,Electronic Arts,Sports,2006,E,4,82,No,0.48,0.13,NA,0.02,0.62
Madden NFL 08,Electronic Arts,Sports,2007,E,4,75,No,0.06,0.02,NA,NA,0.08
Madden NFL 2002,Electronic Arts,Sports,2001,E,4,89,No,0.47,0.12,NA,0.02,0.61
Madden NFL 2003,Electronic Arts,Sports,2002,E,4,92,No,0.33,0.09,NA,0.01,0.43
Madden NFL 2004,Electronic Arts,Sports,2003,E,4,94,No,0.4,0.1,NA,0.01,0.51
Madden NFL 2005,Electronic Arts,Sports,2004,E,4,90,No,0.54,0.14,NA,0.02,0.7
Major League Baseball 2K6,Take-Two Interactive,Sports,2006,E,2,66,No,0.13,0.03,NA,NA,0.17
Mario Golf: Toadstool Tour,Nintendo,Sports,2003,E,4,81,Yes,1.09,0.15,0.25,0.04,1.53
Mario Power Tennis,Nintendo,Sports,2004,E,4,80,Yes,0.58,0.16,0.46,0.03,1.22
Mario Superstar Baseball,Nintendo,Sports,2005,E,2,76,Yes,0.93,0.24,0.25,0.04,1.46
Mark Davis Pro Bass Challenge,Natsume,Sports,2005,E,2,NA,No,0.01,NA,NA,NA,0.01
Mat Hoffman's Pro BMX 2,Activision,Sports,2002,T,2,70,No,0.03,0.01,NA,NA,0.04
MLB SlugFest 20-03,Midway Games,Sports,2002,E,2,80,No,0.11,0.03,NA,NA,0.15
MLB SlugFest 20-04,Midway Games,Sports,2003,E,2,76,No,0.03,0.01,NA,NA,0.04
Muscle Champion,Konami Digital Entertainment,Sports,2002,NA,4,NA,Yes,NA,NA,NA,NA,NA
MVP Baseball 2004,Electronic Arts,Sports,2004,E,2,89,No,0.2,0.05,NA,0.01,0.26
MVP Baseball 2005,Electronic Arts,Sports,2005,E,2,88,No,0.25,0.07,NA,0.01,0.33
NBA 2K2,Sega,Sports,2002,E,4,90,No,0.09,0.02,NA,NA,0.12
NBA 2K3,Sega,Sports,2002,E,4,84,No,0.12,0.03,NA,NA,0.16
NBA Courtside 2002,Nintendo,Sports,2002,E,4,71,Yes,0.19,0.05,NA,0.01,0.25
NBA Live 06,Electronic Arts,Sports,2005,E,4,76,No,0.25,0.07,NA,0.01,0.33
NBA Live 2003,Electronic Arts,Sports,2002,E,4,82,No,0.23,0.06,NA,0.01,0.3
NBA Live 2004,Electronic Arts,Sports,2003,E,4,84,No,0.21,0.05,NA,0.01,0.27
NBA Live 2005,Electronic Arts,Sports,2004,E,4,83,No,0.35,0.09,NA,0.01,0.45
NBA Street,Electronic Arts,Sports,2002,E,2,88,No,0.33,0.09,NA,0.01,0.42
NBA Street V3,Electronic Arts,Sports,2005,E,4,88,No,0.23,0.06,NA,0.01,0.29
NBA Street Vol. 2,Electronic Arts,Sports,2003,E,4,88,No,0.41,0.11,NA,0.01,0.54
NCAA College Basketball 2K3,Sega,Sports,2002,E,4,82,No,0.01,NA,NA,NA,0.01
NCAA College Football 2K3,Sega,Sports,2002,E,2,70,No,0.05,0.01,NA,NA,0.07
NCAA Football 2003,Electronic Arts,Sports,2002,E,4,91,No,0.16,0.04,NA,0.01,0.21
NCAA Football 2004,Electronic Arts,Sports,2003,E,4,89,No,0.12,0.03,NA,NA,0.15
NCAA Football 2005,Electronic Arts,Sports,2004,E,4,88,No,0.17,0.04,NA,0.01,0.22
NFL 2K3,Sega,Sports,2002,E,4,92,No,0.17,0.04,NA,0.01,0.22
NFL Blitz 20-02,Midway Games,Sports,2002,E,4,77,No,0.07,0.02,NA,NA,0.09
NFL Blitz 20-03,Midway Games,Sports,2002,E,4,72,No,0.11,0.03,NA,NA,0.14
NFL Blitz Pro,Midway Games,Sports,2003,E,4,71,No,0.02,NA,NA,NA,0.02
NFL Quarterback Club 2002,Acclaim Entertainment,Sports,2001,E,4,53,No,0.04,0.01,NA,NA,0.05
NFL Street,Electronic Arts,Sports,2004,E,4,81,No,0.27,0.07,NA,0.01,0.35
NFL Street 2,Electronic Arts,Sports,2004,E,4,77,No,0.15,0.04,NA,0.01,0.2
NHL 06,Electronic Arts,Sports,2005,E10,4,78,No,0.06,0.02,NA,NA,0.08
NHL 2003,Electronic Arts,Sports,2002,E,4,79,No,0.1,0.03,NA,NA,0.13
NHL 2004,Electronic Arts,Sports,2003,E,4,85,No,0.08,0.02,NA,NA,0.1
NHL 2005,Electronic Arts,Sports,2004,E,4,75,No,0.05,0.01,NA,NA,0.07
NHL 2K3,Sega,Sports,2002,E,4,89,No,0.01,NA,NA,NA,0.02
NHL Hitz 20-02,Midway Games,Sports,2001,E,4,79,No,0.16,0.04,NA,0.01,0.21
NHL Hitz 20-03,Midway Games,Sports,2002,E,4,82,No,0.06,0.02,NA,NA,0.08
NHL Hitz Pro,Midway Games,Sports,2003,E,4,81,No,0.03,0.01,NA,NA,0.04
Outlaw Golf,Take-Two Interactive,Sports,2002,T,4,69,No,0.06,0.02,NA,NA,0.08
Pool Edge,Media Kite,Sports,2002,E,2,76,Yes,NA,NA,NA,NA,NA
RedCard 20-03,Midway Games,Sports,2002,E,4,71,No,0.02,NA,NA,NA,0.02
Ribbit King,Atari,Sports,2003,E,4,60,No,0.04,0.01,NA,NA,0.05
Sega Soccer Slam,Sega,Sports,2002,E,4,84,No,0.05,0.01,NA,NA,0.07
SSX 3,Electronic Arts,Sports,2003,E,2,92,No,0.29,0.08,NA,0.01,0.38
SSX On Tour,Electronic Arts,Sports,2005,E,2,80,No,0.13,0.03,NA,NA,0.17
SSX Tricky,Electronic Arts,Sports,2001,E,2,87,No,0.42,0.11,NA,0.01,0.54
Street Hoops,Activision,Sports,2002,T,2,56,No,0.09,0.02,NA,NA,0.12
Strike Force Bowling,Crave Entertainment,Sports,2005,E,4,47,No,0.05,0.01,NA,NA,0.06
Super Mario Strikers,Nintendo,Sports,2005,E,4,76,Yes,0.98,0.38,0.2,0.04,1.61
Surf's Up,Ubisoft,Sports,2007,E10,4,NA,No,0.01,NA,NA,NA,0.01
Swingerz Golf,Eidos Interactive,Sports,2002,E,4,72,Yes,0.06,0.02,NA,NA,0.08
The Baseball 2003,Konami Digital Entertainment,Sports,2003,NA,2,NA,Yes,NA,NA,NA,NA,NA
Tiger Woods PGA Tour 06,Electronic Arts,Sports,2005,E,4,82,No,0.08,0.02,NA,NA,0.11
Tiger Woods PGA Tour 2003,Electronic Arts,Sports,2002,E,4,90,No,0.18,0.05,NA,0.01,0.23
Tiger Woods PGA Tour 2004,Electronic Arts,Sports,2003,E,4,89,No,0.12,0.03,NA,NA,0.16
Tiger Woods PGA Tour 2005,Electronic Arts,Sports,2004,E,4,88,No,0.1,0.03,NA,NA,0.14
Tony Hawk's American Wasteland,Activision,Sports,2005,T,2,76,No,0.33,0.08,NA,0.01,0.42
Tony Hawk's Pro Skater 3,Activision,Sports,2001,T,2,91,No,0.64,0.17,NA,0.02,0.82
Tony Hawk's Pro Skater 4,Activision,Sports,2002,T,2,91,No,0.45,0.12,NA,0.02,0.58
Tony Hawk's Underground,Activision,Sports,2003,T,2,89,No,0.54,0.14,NA,0.02,0.7
Tony Hawk's Underground 2,Activision,Sports,2004,T,2,82,No,0.38,0.1,NA,0.01,0.5
Top Angler: Real Bass Fishing,Xicat Interactive,Sports,2002,E,2,NA,No,NA,NA,NA,NA,NA
Transworld Surf: Next Wave,Atari,Sports,2003,T,4,68,No,NA,NA,NA,NA,NA
UEFA Champions League 2004-2005,Electronic Arts,Sports,2005,E,4,NA,No,NA,NA,NA,NA,NA
Virtua Striker 2002,Sega,Sports,2002,E,2,58,Yes,0.01,NA,0.03,NA,0.05
Whirl Tour,Vivendi Games,Sports,2002,E,2,61,No,0.04,0.01,NA,NA,0.05
World Championship Pool 2004,Jaleco,Sports,2005,E,2,NA,No,NA,NA,NA,NA,NA
World Soccer Winning Eleven 6 Final Evolution,Konami Digital Entertainment,Sports,2003,NA,4,NA,No,NA,NA,NA,NA,NA
WTA Tour Tennis,Konami Digital Entertainment,Sports,2002,T,4,55,No,0.01,NA,NA,NA,0.01
Amazing Island,Sega,Strategy,2004,E,2,59,Yes,0.04,0.01,NA,NA,0.06
Army Men: RTS,Global Star,Strategy,2004,T,1,NA,No,0.05,0.01,NA,NA,0.07
Battalion Wars,Nintendo,Strategy,2005,T,1,76,Yes,0.25,0.07,0.07,0.01,0.4
Duel Masters Nettou! Battle Arena,Takara,Strategy,2003,NA,2,NA,Yes,NA,NA,NA,NA,NA
Future Tactics: The Uprising,JoWood Productions,Strategy,2004,T,2,63,No,0.02,NA,NA,NA,0.02
Gladius,Activision,Strategy,2003,T,4,82,No,0.06,0.01,NA,NA,0.07
Goblin Commander: Unleash the Horde,Jaleco,Strategy,2003,T,2,71,No,0.01,NA,NA,NA,0.02
Neighbours From Hell,JoWood Productions,Strategy,2005,E,1,NA,No,NA,NA,NA,NA,NA
Odama,Nintendo,Strategy,2006,E10,1,62,Yes,0.07,0.02,0.02,NA,0.11
Pikmin,Nintendo,Strategy,2001,E,1,89,Yes,0.78,0.25,0.56,0.04,1.63
Pikmin 2,Nintendo,Strategy,2004,E,2,90,Yes,0.48,0.13,0.56,0.03,1.2
SD Gundam: Gashapon Wars,Namco Bandai Games,Strategy,2005,E,4,NA,Yes,NA,NA,0.07,NA,0.07
Super Robot Taisen GC,Banpresto,Strategy,2004,NA,1,NA,No,NA,NA,NA,NA,NA
Worms 3D,Sega,Strategy,2003,T,4,69,No,0.05,0.01,NA,NA,0.07
Yu-Gi-Oh! The Falsebound Kingdom,Konami Digital Entertainment,Strategy,2002,E,1,44,Yes,0.49,0.13,0.07,0.02,0.71
