Game,Publisher,Publisher2,Genre,Genre2,Release.Year,Release.Year2,ESRB.Rating,ESRB.Rating2,Multiplayer,Multiplayer2,Metacritic.Score,Exclusivity,Sales.N.A.,Sales.Eur,Sales.Jap,Sales.Other,Sales.Total
1080 Avalanche,Nintendo,Nintendo,Sports,Sports,2003,2003,E,EE10,4,4,73,Yes,NA,NA,NA,NA,NA
18 Wheeler: American Pro Trucker,Acclaim Entertainment,Acclaim Entertainment,Racing,Racing,2002,2002,E,EE10,2,2,52,No,0.09,0.02,NA,NA,0.11
2002 FIFA World Cup,Electronic Arts,Electronic Arts,Sports,Sports,2002,2002,E,EE10,4,4,78,No,0.04,0.01,NA,NA,0.05
4x4 EVO 2,Vivendi Games,Vivendi Games,Racing,Racing,2002,2002,E,EE10,2,2,56,No,0.11,0.03,NA,NA,0.14
Aggressive Inline,Acclaim Entertainment,Acclaim Entertainment,Sports,Sports,2002,2002,T,TM,2,2,88,No,0.04,0.01,NA,NA,0.06
Alien Hominid,O3 Entertainment,Other,Shooter,Shooter,2004,2004,T,TM,4,4,78,No,0.07,0.02,NA,NA,0.09
All-Star Baseball 2002,Acclaim Entertainment,Acclaim Entertainment,Sports,Sports,2001,2002,E,EE10,4,4,66,No,0.17,0.04,NA,0.01,0.22
All-Star Baseball 2003,Acclaim Entertainment,Acclaim Entertainment,Sports,Sports,2002,2002,E,EE10,4,4,83,No,0.12,0.03,NA,NA,0.15
All-Star Baseball 2004,Acclaim Entertainment,Acclaim Entertainment,Sports,Sports,2003,2003,E,EE10,4,4,80,No,0.06,0.02,NA,NA,0.08
Amazing Island,Sega,Sega,Strategy,Other,2004,2004,E,EE10,2,2,59,Yes,0.04,0.01,NA,NA,0.06
American Chopper 2: Full Throttle,Activision,Activision,Racing,Racing,2005,2005,E,EE10,1,1,54,No,0.04,0.01,NA,NA,0.05
Animal Crossing,Nintendo,Nintendo,Simulation,Other,2001,2002,E,EE10,1,1,87,Yes,1.92,0.16,0.99,0.09,3.15
Animaniacs: The Great Edgar Hunt,Ignition Entertainment,Other,Platformer,Platformer,2005,2005,E,EE10,1,1,65,No,0.02,0.01,NA,NA,0.03
Aquaman: Battle for Atlantis,Take-Two Interactive,Take-Two Interactive,ActionAdventure,ActionAdventure,2003,2003,T,TM,1,1,27,No,0.01,NA,NA,NA,0.01
Archer Maclean Presents: Pool Paradise,Ignition Entertainment,Other,Sports,Sports,2004,2004,E,EE10,2,2,76,No,0.02,0.01,NA,NA,0.03
Army Men: Air Combat - The Elite Missions,3DO,Other,Shooter,Shooter,2003,2003,T,TM,2,2,46,Yes,0.01,NA,NA,NA,0.01
Army Men: RTS,Global Star,Other,Strategy,Other,2004,2004,T,TM,1,1,NA,No,0.05,0.01,NA,NA,0.07
Army Men: Sarge's War,Global Star,Other,Shooter,Shooter,2004,2004,T,TM,4,4,56,No,0.12,0.03,NA,NA,0.15
Asterix & Obelix XXL,Atari,Atari,ActionAdventure,ActionAdventure,2004,2004,E,EE10,1,1,NA,No,NA,NA,NA,NA,NA
ATV Quad Power Racing 2,Acclaim Entertainment,Acclaim Entertainment,Racing,Racing,2003,2003,T,TM,2,2,70,No,0.22,0.06,NA,0.01,0.28
Auto Modellista,Capcom,Capcom,Racing,Racing,2003,2003,E,EE10,2,2,62,No,0.02,0.01,NA,NA,0.03
Avatar: The Last Airbender,THQ,THQ,ActionAdventure,ActionAdventure,2006,2005,E10,EE10,1,1,60,No,0.39,0.1,NA,0.01,0.5
Backyard Baseball,Infogrames Entertainment,Other,Sports,Sports,2003,2003,E,EE10,2,2,70,No,0.1,0.03,NA,NA,0.13
Backyard NFL Football,Infogrames Entertainment,Other,Sports,Sports,2002,2002,E,EE10,2,2,58,No,0.2,0.05,NA,0.01,0.26
Backyard Sports Baseball 2007,Atari,Atari,Sports,Sports,2007,2005,E,EE10,2,2,NA,No,NA,NA,NA,NA,NA
Bad Boys: Miami Takedown,Empire Interactive,Other,Shooter,Shooter,2004,2004,M,TM,1,1,35,No,0.03,0.01,NA,NA,0.05
Baldur's Gate: Dark Alliance,Virgin Interactive,Other,RolePlaying,RolePlaying,2002,2002,T,TM,2,2,79,No,0.11,0.03,NA,NA,0.14
Barbarian,Virgin Interactive,Other,Fighting,Fighting,2003,2003,T,TM,2,2,NA,No,NA,NA,NA,NA,NA
Barnyard,THQ,THQ,ActionAdventure,ActionAdventure,2006,2005,E10,EE10,1,1,66,No,0.09,0.02,NA,NA,0.12
Baten Kaitos Origins,Namco Bandai Games,Namco Bandai Games,RolePlaying,RolePlaying,2006,2005,T,TM,1,1,75,Yes,0.06,0.02,0.02,NA,0.1
Baten Kaitos: Eternal Wings and the Lost Ocean,Namco Bandai Games,Namco Bandai Games,RolePlaying,RolePlaying,2003,2003,T,TM,1,1,80,Yes,0.21,0.05,NA,0.01,0.27
Batman Begins,Electronic Arts,Electronic Arts,ActionAdventure,ActionAdventure,2005,2005,T,TM,1,1,66,No,0.11,0.03,NA,NA,0.15
Batman: Dark Tomorrow,Kemco,Other,ActionAdventure,ActionAdventure,2003,2003,T,TM,1,1,29,No,0.06,0.02,NA,NA,0.08
Batman: Rise of Sin Tzu,Ubisoft,Ubisoft,ActionAdventure,ActionAdventure,2003,2003,T,TM,2,2,63,Yes,0.05,0.01,NA,NA,0.06
Batman: Vengeance,Ubisoft,Ubisoft,ActionAdventure,ActionAdventure,2001,2002,T,TM,1,1,70,Yes,0.2,0.05,NA,0.01,0.26
Battalion Wars,Nintendo,Nintendo,Strategy,Other,2005,2005,T,TM,1,1,76,Yes,0.25,0.07,0.07,0.01,0.4
Battle Stadium D.O.N,Namco Bandai Games,Namco Bandai Games,Fighting,Fighting,2006,2005,NA,NA,4,4,NA,No,NA,NA,0.09,NA,0.09
Beach Spikers: Virtua Beach Volleyball,Sega,Sega,Sports,Sports,2002,2002,E,EE10,4,4,76,Yes,0.08,0.02,NA,NA,0.1
BeyBlade VForce: Super Tournament Battle,Atari,Atari,ActionAdventure,ActionAdventure,2002,2002,E,EE10,4,4,33,Yes,0.16,0.04,NA,0.01,0.21
Beyond Good & Evil,Ubisoft,Ubisoft,ActionAdventure,ActionAdventure,2003,2003,T,TM,1,1,87,No,0.06,0.01,NA,NA,0.07
Big Air Freestyle,Atari,Atari,Racing,Racing,2002,2002,T,TM,2,2,56,Yes,0.04,0.01,NA,NA,0.05
Big Mutha Truckers,Empire Interactive,Other,Racing,Racing,2003,2003,T,TM,1,1,63,No,0.06,0.02,NA,NA,0.08
Billy Hatcher and the Giant Egg,Sega,Sega,Platformer,Platformer,2003,2003,E,EE10,1,1,71,Yes,0.19,0.05,NA,0.01,0.25
Bionicle,Electronic Arts,Electronic Arts,ActionAdventure,ActionAdventure,2003,2003,E,EE10,1,1,47,No,0.16,0.04,NA,0.01,0.21
Bionicle Heroes,Eidos Interactive,Other,Shooter,Shooter,2006,2005,E10,EE10,1,1,51,No,0.08,0.02,NA,NA,0.11
Black & Bruised,Vivendi Games,Vivendi Games,Fighting,Fighting,2003,2003,T,TM,2,2,66,No,0.04,0.01,NA,NA,0.05
Bleach GC: Tasogare Ni Mamieru Shinigami,Sega,Sega,Fighting,Fighting,2005,2005,NA,NA,2,2,NA,Yes,NA,NA,0.08,NA,0.09
Blood Omen 2,Eidos Interactive,Other,ActionAdventure,ActionAdventure,2002,2002,M,TM,1,1,71,No,0.04,0.01,NA,NA,0.05
BloodRayne,Universal Interactive,Other,Shooter,Shooter,2002,2002,M,TM,1,1,73,No,0.09,0.02,NA,NA,0.11
Bloody Roar: Primal Fury,Activision,Activision,Fighting,Fighting,2002,2002,T,TM,2,2,75,Yes,0.14,0.04,NA,NA,0.18
BlowOut,Majesco Entertainment,Other,Shooter,Shooter,2003,2003,T,TM,1,1,68,No,0.01,NA,NA,NA,0.01
BMX XXX,Acclaim Entertainment,Acclaim Entertainment,Sports,Sports,2002,2002,M,TM,2,2,60,No,0.05,0.01,NA,NA,0.06
Boboboubo Boubobo Dassutsu! Hajike Royale,Hudson Soft,Other,RolePlaying,RolePlaying,2005,2005,NA,NA,4,4,NA,Yes,NA,NA,NA,NA,NA
Bokujou Monogatari: Shiawase no Uta,Marvelous Interactive,Other,Simulation,Other,2005,2005,NA,NA,1,1,NA,Yes,NA,NA,NA,NA,NA
Bomberman Generation,Vivendi Games,Vivendi Games,ActionAdventure,ActionAdventure,2002,2002,E,EE10,4,4,81,Yes,0.15,0.04,0.06,0.01,0.25
Bomberman Jetters,Hudson Soft,Other,ActionAdventure,ActionAdventure,2002,2002,E,EE10,4,4,70,Yes,0.06,0.02,NA,NA,0.08
Bomberman Land 2,Hudson Soft,Other,ActionAdventure,ActionAdventure,2003,2003,E,EE10,4,4,NA,No,NA,NA,NA,NA,NA
Bratz: Forever Diamondz,THQ,THQ,ActionAdventure,ActionAdventure,2006,2005,E,EE10,1,1,NA,No,0.17,0.04,NA,0.01,0.21
Bratz: Rock Angelz,THQ,THQ,ActionAdventure,ActionAdventure,2005,2005,E,EE10,1,1,NA,No,0.16,0.04,NA,0.01,0.2
Buffy the Vampire Slayer: Chaos Bleeds,Vivendi Games,Vivendi Games,ActionAdventure,ActionAdventure,2003,2003,T,TM,4,4,75,No,0.02,0.01,NA,NA,0.03
Burnout,Acclaim Entertainment,Acclaim Entertainment,Racing,Racing,2002,2002,E,EE10,2,2,78,No,0.23,0.06,NA,0.01,0.3
Burnout 2: Point of Impact,Acclaim Entertainment,Acclaim Entertainment,Racing,Racing,2003,2003,E,EE10,2,2,89,No,0.12,0.03,NA,NA,0.15
Bust-A-Move 3000,Ubisoft,Ubisoft,Puzzle,Other,2003,2003,E,EE10,2,2,53,Yes,0.01,NA,NA,NA,0.01
Butt-Ugly Martians: Zoom or Doom!,Vivendi Games,Vivendi Games,Racing,Racing,2003,2003,E,EE10,2,2,41,No,NA,NA,NA,NA,NA
Cabela's Big Game Hunter 2005 Adventures,Activision,Activision,Sports,Sports,2004,2004,T,TM,2,2,NA,No,0.05,0.01,NA,NA,0.07
Cabela's Dangerous Hunts 2,Activision,Activision,Sports,Sports,2005,2005,T,TM,2,2,NA,No,0.03,0.01,NA,NA,0.03
Cabela's Outdoor Adventures,Activision,Activision,Sports,Sports,2005,2005,T,TM,2,2,NA,No,0.03,0.01,NA,NA,0.03
Cabela's Outdoor Adventures (2006),Activision,Activision,Sports,Sports,2005,2005,T,TM,2,2,NA,No,NA,NA,NA,NA,NA
Call Of Duty 2: Big Red One,Activision,Activision,Shooter,Shooter,2005,2005,T,TM,1,1,76,No,0.25,0.07,NA,0.01,0.33
Call of Duty: Finest Hour,Activision,Activision,Shooter,Shooter,2004,2004,T,TM,1,1,74,No,0.31,0.08,NA,0.01,0.4
Capcom vs. SNK 2 EO,Capcom,Capcom,Fighting,Fighting,2002,2002,T,TM,2,2,68,Yes,0.09,0.02,NA,NA,0.11
Captain Tsubasa: Ougon Sedai no Chousen,Konami Digital Entertainment,Konami Digital Entertainment,Sports,Sports,2002,2002,NA,NA,1,1,NA,Yes,NA,NA,NA,NA,NA
Carmen Sandiego: The Secret of the Stolen Drums,BAM! Entertainment,Other,ActionAdventure,ActionAdventure,2004,2004,E,EE10,1,1,57,No,0.02,NA,NA,NA,0.02
Cars,THQ,THQ,Racing,Racing,2006,2005,E,EE10,2,2,71,No,0.72,0.19,NA,0.03,0.93
Casper: Spirit Dimensions,Take-Two Interactive,Take-Two Interactive,Platformer,Platformer,2002,2002,E,EE10,1,1,NA,No,0.02,NA,NA,NA,0.02
Catwoman,Electronic Arts,Electronic Arts,ActionAdventure,ActionAdventure,2004,2004,T,TM,1,1,47,No,0.05,0.01,NA,NA,0.07
Cel Damage,Electronic Arts,Electronic Arts,Racing,Racing,2002,2002,T,TM,4,4,67,No,0.05,0.01,NA,NA,0.06
Chaos Field,Sega,Sega,Shooter,Shooter,2005,2005,T,TM,1,1,67,Yes,0.01,NA,NA,NA,0.01
Charinko Hero,Banpresto,Other,Racing,Racing,2003,2003,NA,NA,4,4,NA,Yes,NA,NA,NA,NA,NA
Charlie and the Chocolate Factory,Global Star,Other,ActionAdventure,ActionAdventure,2005,2005,E,EE10,1,1,39,No,0.14,0.04,NA,NA,0.18
Charlie's Angels,Ubisoft,Ubisoft,ActionAdventure,ActionAdventure,2003,2003,T,TM,1,1,23,No,0.01,NA,NA,NA,0.02
Chibi-Robo! Plug into Adventure!,Nintendo,Nintendo,ActionAdventure,ActionAdventure,2005,2005,E10,EE10,1,1,75,Yes,0.23,0.06,0.09,0.01,0.39
City Racer,Ubisoft,Ubisoft,Racing,Racing,2003,2003,E,EE10,2,2,58,No,0.01,NA,NA,NA,0.01
Cocoto Fishing Master,BigBen Interactive,Other,Sports,Sports,2005,2005,E,EE10,1,1,NA,No,NA,NA,NA,NA,NA
Cocoto Funfair,BigBen Interactive,Other,Shooter,Shooter,2006,2005,E,EE10,4,4,NA,No,NA,NA,NA,NA,NA
Cocoto Kart Racer,BigBen Interactive,Other,Racing,Racing,2005,2005,E,EE10,4,4,NA,No,NA,NA,NA,NA,NA
Cocoto Platform Jumper,BigBen Interactive,Other,Platformer,Platformer,2004,2004,E,EE10,4,4,NA,No,NA,NA,NA,NA,NA
Codename: Kids Next Door: Operation V.I.D.E.O.G.A.M.E.,Global Star,Other,Platformer,Platformer,2005,2005,E10,EE10,1,1,58,No,0.04,0.01,NA,NA,0.05
Conan,Take-Two Interactive,Take-Two Interactive,ActionAdventure,ActionAdventure,2005,2005,NA,NA,2,2,NA,No,NA,NA,NA,NA,NA
Conflict: Desert Storm,SCi,Other,Shooter,Shooter,2003,2003,T,TM,4,4,62,No,0.06,0.02,NA,NA,0.08
Conflict: Desert Storm II - Back to Bagdhad,SCi,Other,Shooter,Shooter,2004,2004,T,TM,4,4,73,No,0.03,0.01,NA,NA,0.04
Crash Bandicoot: The Wrath of Cortex,Universal Interactive,Other,Platformer,Platformer,2002,2002,E,EE10,1,1,62,No,0.46,0.12,NA,0.02,0.59
Crash Nitro Kart,Vivendi Games,Vivendi Games,Racing,Racing,2003,2003,E,EE10,4,4,66,No,0.2,0.05,NA,0.01,0.26
Crash Tag Team Racing,Vivendi Games,Vivendi Games,Racing,Racing,2005,2005,E10,EE10,4,4,66,No,0.12,0.03,NA,NA,0.16
Crazy Taxi,Acclaim Entertainment,Acclaim Entertainment,Racing,Racing,2001,2002,T,TM,2,2,69,No,0.36,0.09,0.02,0.01,0.49
Cubivore: Survival of the Fittest,Nintendo,Nintendo,ActionAdventure,ActionAdventure,2002,2002,E,EE10,1,1,71,Yes,0.01,NA,0.15,NA,0.17
Cubix Robots for Everyone: Showdown,3DO,Other,ActionAdventure,ActionAdventure,2003,2003,E,EE10,4,4,NA,No,NA,NA,NA,NA,NA
Curious George,Namco Bandai Games,Namco Bandai Games,ActionAdventure,ActionAdventure,2006,2005,E,EE10,1,1,53,No,0.11,0.03,NA,NA,0.15
Custom Robo,Nintendo,Nintendo,RolePlaying,RolePlaying,2004,2004,T,TM,4,4,65,Yes,0.29,0.07,NA,0.01,0.37
Dakar 2: The World's Ultimate Rally,Acclaim Entertainment,Acclaim Entertainment,Racing,Racing,2003,2003,E,EE10,2,2,70,No,0.02,0.01,NA,NA,0.03
Dance Dance Revolution: Mario Mix,Nintendo,Nintendo,Music,Other,2005,2005,E,EE10,2,2,69,Yes,0.36,0.09,0.5,0.01,0.97
Dark Summit,THQ,THQ,Sports,Sports,2002,2002,T,TM,2,2,68,No,0.04,0.01,NA,NA,0.05
Darkened Skye,Take-Two Interactive,Take-Two Interactive,ActionAdventure,ActionAdventure,2002,2002,T,TM,1,1,61,No,0.01,NA,NA,NA,0.01
Dave Mirra Freestyle BMX 2,Acclaim Entertainment,Acclaim Entertainment,Sports,Sports,2001,2002,T,TM,2,2,78,No,0.21,0.06,NA,0.01,0.28
David Douillet Judo,BigBen Interactive,Other,Fighting,Fighting,2006,2005,E,EE10,2,2,NA,No,NA,NA,NA,NA,NA
Dead to Rights,Electronic Arts,Electronic Arts,Shooter,Shooter,2002,2002,M,TM,1,1,77,No,0.11,0.03,NA,NA,0.14
Def Jam Vendetta,Electronic Arts,Electronic Arts,Fighting,Fighting,2003,2003,T,TM,2,2,81,No,0.19,0.05,NA,0.01,0.25
Def Jam: Fight for NY,Electronic Arts,Electronic Arts,ActionAdventure,ActionAdventure,2004,2004,M,TM,2,2,84,No,0.17,0.05,NA,0.01,0.22
Defender,Midway Games,Midway Games,ActionAdventure,ActionAdventure,2002,2002,T,TM,2,2,66,No,0.08,0.02,NA,NA,0.11
Derby Tsuku 3: Derby Uma o Tsukurou!,Sega,Sega,Sports,Sports,2003,2003,NA,NA,1,1,NA,No,NA,NA,NA,NA,NA
Die Hard: Vendetta,NDA Productions,Other,Shooter,Shooter,2002,2002,M,TM,1,1,54,No,0.09,0.02,NA,NA,0.12
Digimon Rumble Arena 2,Atari,Atari,Fighting,Fighting,2004,2004,T,TM,4,4,71,No,0.03,0.01,NA,NA,0.04
Digimon World 4,Namco Bandai Games,Namco Bandai Games,RolePlaying,RolePlaying,2005,2005,E,EE10,4,4,55,No,0.07,0.02,NA,NA,0.09
Dinotopia: The Sunstone Odyssey,Take-Two Interactive,Take-Two Interactive,ActionAdventure,ActionAdventure,2003,2003,T,TM,1,1,50,No,0.01,NA,NA,NA,0.02
Disney Sports Basketball,Konami Digital Entertainment,Konami Digital Entertainment,Sports,Sports,2002,2002,E,EE10,4,4,37,Yes,0.01,NA,NA,NA,0.01
Disney Sports Football,Konami Digital Entertainment,Konami Digital Entertainment,Sports,Sports,2002,2002,E,EE10,4,4,59,Yes,0.01,NA,NA,NA,0.02
Disney Sports Skateboarding,Konami Digital Entertainment,Konami Digital Entertainment,Sports,Sports,2002,2002,E,EE10,2,2,36,Yes,0.05,0.01,NA,NA,0.06
Disney Sports Soccer,Konami Digital Entertainment,Konami Digital Entertainment,Sports,Sports,2002,2002,E,EE10,4,4,75,Yes,0.03,0.01,NA,NA,0.03
Disney's Chicken Little,Disney Interactive Studios,Other,Platformer,Platformer,2005,2005,E10,EE10,2,2,67,No,0.21,0.05,NA,0.01,0.27
Disney's Donald Duck: Goin' Quackers,Ubisoft,Ubisoft,Platformer,Platformer,2002,2002,E,EE10,1,1,61,No,0.03,0.01,NA,NA,0.04
Disney's Extreme Skate Adventure,Activision,Activision,Sports,Sports,2003,2003,E,EE10,2,2,76,No,0.09,0.02,NA,NA,0.12
Disney's Hide & Sneak,Capcom,Capcom,ActionAdventure,ActionAdventure,2003,2003,E,EE10,1,1,46,Yes,0.03,0.01,NA,NA,0.03
Disney's Magical Mirror Starring Mickey Mouse,Nintendo,Nintendo,ActionAdventure,ActionAdventure,2002,2002,E,EE10,1,1,50,Yes,0.15,0.04,NA,0.01,0.19
Disney's Meet the Robinsons,Disney Interactive Studios,Other,ActionAdventure,ActionAdventure,2007,2005,E10,EE10,1,1,68,No,0.03,0.01,NA,NA,0.04
Disney's Party,Electronic Arts,Electronic Arts,Party,Other,2002,2002,E,EE10,4,4,39,No,0.04,0.01,NA,NA,0.05
Disney's PK: Out of the Shadows,Ubisoft,Ubisoft,Platformer,Platformer,2002,2002,E,EE10,1,1,46,No,0.04,0.01,NA,NA,0.05
Disney's Tarzan Untamed,Ubisoft,Ubisoft,Platformer,Platformer,2001,2002,E,EE10,1,1,61,No,0.14,0.04,NA,NA,0.18
Disney's The Haunted Mansion,Take-Two Interactive,Take-Two Interactive,Platformer,Platformer,2003,2003,T,TM,1,1,69,No,0.08,0.02,NA,NA,0.1
Disney's Winnie the Pooh's Rumbly Tumbly Adventure,Ubisoft,Ubisoft,Platformer,Platformer,2005,2005,E,EE10,2,2,59,No,0.05,0.01,NA,NA,0.07
Dokapon DX: Wataru Sekai wa Oni Darake,Asmik Ace Entertainment,Other,RolePlaying,RolePlaying,2003,2003,NA,NA,4,4,NA,Yes,NA,NA,NA,NA,NA
Donkey Kong Jungle Beat,Nintendo,Nintendo,Platformer,Platformer,2004,2004,E10,EE10,1,1,80,Yes,0.84,0.22,0.24,0.04,1.34
Donkey Konga,Nintendo,Nintendo,Music,Other,2003,2003,E,EE10,4,4,76,Yes,0.5,0.16,0.46,0.03,1.15
Donkey Konga 2,Nintendo,Nintendo,Music,Other,2004,2004,T,TM,4,4,69,Yes,0.3,0.08,NA,0.01,0.39
Donkey Konga 3: Tabe-houdai! Haru Mogitate 50 Kyoku,Nintendo,Nintendo,Music,Other,2005,2005,NA,NA,2,2,NA,Yes,NA,NA,NA,NA,NA
Dora the Explorer: Journey to the Purple Planet,Global Star,Other,ActionAdventure,ActionAdventure,2005,2005,E,EE10,1,1,NA,No,0.09,0.02,NA,NA,0.12
Doraemon Minna de Yuubou!,Epoch,Other,Platformer,Platformer,2003,2003,NA,NA,1,1,NA,Yes,NA,NA,NA,NA,NA
Doshin the Giant,Nintendo,Nintendo,Simulation,Other,2002,2002,NA,NA,1,1,NA,Yes,NA,NA,0.14,NA,0.14
Dr. Muto,Midway Games,Midway Games,Platformer,Platformer,2002,2002,T,TM,1,1,63,No,0.02,0.01,NA,NA,0.03
Dragon Ball Z: Budokai,Atari,Atari,Fighting,Fighting,2003,2003,T,TM,2,2,65,No,0.53,0.14,NA,0.02,0.69
Dragon Ball Z: Budokai 2,Atari,Atari,Fighting,Fighting,2004,2004,T,TM,2,2,66,No,0.21,0.06,NA,0.01,0.27
Dragon Ball Z: Sagas,Atari,Atari,Fighting,Fighting,2005,2005,T,TM,2,2,48,No,0.16,0.04,NA,0.01,0.21
Dragon Drive: D-Masters Shot,Namco Bandai Games,Namco Bandai Games,Shooter,Shooter,2003,2003,NA,NA,2,2,NA,Yes,NA,NA,NA,NA,NA
Dragon's Lair 3D: Return to the Lair,THQ,THQ,Platformer,Platformer,2002,2002,T,TM,1,1,65,No,0.03,0.01,NA,NA,0.04
DreamMix TV: World Fighters,Hudson Soft,Other,Fighting,Fighting,2003,2003,NA,NA,4,4,NA,No,NA,NA,NA,NA,NA
Driven,BAM! Entertainment,Other,Racing,Racing,2002,2002,T,TM,2,2,55,No,0.06,0.02,NA,NA,0.08
Drome Racers,Electronic Arts,Electronic Arts,Racing,Racing,2003,2003,E,EE10,4,4,54,No,0.02,0.01,NA,NA,0.03
Duel Masters Nettou! Battle Arena,Takara,Other,Strategy,Other,2003,2003,NA,NA,2,2,NA,Yes,NA,NA,NA,NA,NA
"Ed, Edd n Eddy: The Mis-Edventures",Midway Games,Midway Games,Platformer,Platformer,2005,2005,E,EE10,1,1,55,No,0.19,0.05,NA,0.01,0.25
Egg Mania: Eggstreme Madness,Kemco,Other,Puzzle,Other,2002,2002,E,EE10,2,2,64,No,0.01,NA,NA,NA,0.01
Eisei Meijin VI,Konami Digital Entertainment,Konami Digital Entertainment,Miscellaneous,Other,2002,2002,NA,NA,2,2,NA,No,NA,NA,NA,NA,NA
Enter the Matrix,Atari,Atari,ActionAdventure,ActionAdventure,2003,2003,T,TM,1,1,63,No,0.34,0.09,0.02,0.01,0.45
ESPN International Winter Sports 2002,Konami Digital Entertainment,Konami Digital Entertainment,Sports,Sports,2002,2002,E,EE10,2,2,62,No,0.04,0.01,NA,NA,0.05
ESPN MLS ExtraTime 2002,Konami Digital Entertainment,Konami Digital Entertainment,Sports,Sports,2002,2002,E,EE10,4,4,68,No,0.02,NA,NA,NA,0.02
Eternal Darkness: Sanity's Requiem,Nintendo,Nintendo,ActionAdventure,ActionAdventure,2002,2002,M,TM,1,1,92,Yes,0.34,0.09,NA,0.01,0.44
Evolution Skateboarding,Konami Digital Entertainment,Konami Digital Entertainment,Sports,Sports,2002,2002,T,TM,2,2,44,No,0.03,0.01,NA,NA,0.04
Evolution Snowboarding,Konami Digital Entertainment,Konami Digital Entertainment,Sports,Sports,2003,2003,T,TM,2,2,49,No,NA,NA,NA,NA,NA
Evolution Worlds,Ubisoft,Ubisoft,RolePlaying,RolePlaying,2002,2002,E,EE10,1,1,63,Yes,0.06,0.02,NA,NA,0.08
F1 2002,Electronic Arts,Electronic Arts,Racing,Racing,2002,2002,E,EE10,4,4,72,No,0.02,0.01,NA,NA,0.03
F1 Career Challenge,Electronic Arts,Electronic Arts,Racing,Racing,2003,2003,E,EE10,4,4,NA,No,NA,NA,NA,NA,NA
Family Stadium 2003,Namco Bandai Games,Namco Bandai Games,Sports,Sports,2003,2003,NA,NA,2,2,NA,Yes,NA,NA,NA,NA,NA
Fantastic 4,Activision,Activision,ActionAdventure,ActionAdventure,2005,2005,T,TM,2,2,61,No,0.19,0.05,NA,0.01,0.24
FIFA 06 Soccer,Electronic Arts,Electronic Arts,Sports,Sports,2005,2005,E,EE10,4,4,80,No,0.11,0.03,NA,NA,0.14
FIFA 07 Soccer,Electronic Arts,Electronic Arts,Sports,Sports,2006,2005,E,EE10,4,4,80,No,0.14,0.04,NA,NA,0.18
FIFA Soccer 2002,Electronic Arts,Electronic Arts,Sports,Sports,2001,2002,E,EE10,4,4,81,No,0.14,0.04,NA,NA,0.18
FIFA Soccer 2003,Electronic Arts,Electronic Arts,Sports,Sports,2002,2002,E,EE10,4,4,86,No,0.06,0.02,NA,NA,0.08
FIFA Soccer 2004,Electronic Arts,Electronic Arts,Sports,Sports,2003,2003,E,EE10,4,4,83,No,0.05,0.01,NA,NA,0.07
FIFA Soccer 2005,Electronic Arts,Electronic Arts,Sports,Sports,2004,2004,E,EE10,4,4,78,No,0.11,0.03,NA,NA,0.14
FIFA Street,Electronic Arts,Electronic Arts,Sports,Sports,2005,2005,E,EE10,4,4,NA,No,0.04,0.01,NA,NA,0.06
FIFA Street 2,Electronic Arts,Electronic Arts,Sports,Sports,2006,2005,E,EE10,4,4,63,No,0.09,0.02,NA,NA,0.11
FIFA World Cup Germany 2006,Electronic Arts,Electronic Arts,Sports,Sports,2006,2005,E,EE10,4,4,76,No,0.1,0.03,NA,NA,0.13
Fight Night Round 2,Electronic Arts,Electronic Arts,Fighting,Fighting,2005,2005,T,TM,2,2,87,No,0.13,0.03,NA,NA,0.17
Final Fantasy: Crystal Chronicles,Nintendo,Nintendo,RolePlaying,RolePlaying,2003,2003,T,TM,4,4,80,Yes,0.72,0.38,0.36,0.04,1.49
Finding Nemo,THQ,THQ,ActionAdventure,ActionAdventure,2003,2003,E,EE10,1,1,62,No,0.69,0.18,NA,0.02,0.89
Fire Emblem: Path of Radiance,Nintendo,Nintendo,RolePlaying,RolePlaying,2005,2005,T,TM,1,1,85,Yes,0.29,0.08,0.16,0.01,0.54
Fireblade,Midway Games,Midway Games,ActionAdventure,ActionAdventure,2002,2002,T,TM,1,1,NA,No,0.02,0.01,NA,NA,0.03
Flushed Away,D3 Publisher,Other,Platformer,Platformer,2006,2005,E,EE10,2,2,47,No,0.12,0.03,NA,NA,0.16
Franklin: A Birthday Surprise,Game Factory,Other,Party,Other,2006,2005,E,EE10,4,4,NA,No,NA,NA,NA,NA,NA
Freaky Flyers,Midway Games,Midway Games,Racing,Racing,2003,2003,T,TM,2,2,69,No,0.01,NA,NA,NA,0.01
Freedom Fighters,Electronic Arts,Electronic Arts,Shooter,Shooter,2003,2003,T,TM,4,4,83,No,0.1,0.03,NA,NA,0.13
Freekstyle,Electronic Arts,Electronic Arts,Racing,Racing,2002,2002,E,EE10,2,2,78,No,0.07,0.02,NA,NA,0.09
Freestyle Metal X,Midway Games,Midway Games,Racing,Racing,2003,2003,T,TM,4,4,70,No,0.01,NA,NA,NA,0.02
Freestyle Street Soccer,Acclaim Entertainment,Acclaim Entertainment,Sports,Sports,2004,2004,T,TM,4,4,48,No,NA,NA,NA,NA,NA
Frogger Beyond,Konami Digital Entertainment,Konami Digital Entertainment,Platformer,Platformer,2002,2002,E,EE10,1,1,60,No,0.1,0.03,NA,NA,0.13
Frogger: Ancient Shadow,Konami Digital Entertainment,Konami Digital Entertainment,Platformer,Platformer,2005,2005,E,EE10,4,4,54,No,0.04,0.01,NA,NA,0.05
Frogger's Adventures: The Rescue,Konami Digital Entertainment,Konami Digital Entertainment,Platformer,Platformer,2003,2003,E,EE10,4,4,61,No,0.12,0.03,NA,NA,0.15
From Russia With Love,Electronic Arts,Electronic Arts,ActionAdventure,ActionAdventure,2005,2005,T,TM,4,4,70,No,0.17,0.04,NA,0.01,0.22
Future Tactics: The Uprising,JoWood Productions,Other,Strategy,Other,2004,2004,T,TM,2,2,63,No,0.02,NA,NA,NA,0.02
F-Zero GX,Nintendo,Nintendo,Racing,Racing,2003,2003,T,TM,4,4,89,Yes,0.41,0.11,0.12,0.02,0.65
Gakuen Toshi Vara Noir Roses,Idea Factory,Other,Simulation,Other,2004,2004,NA,NA,1,1,NA,No,NA,NA,NA,NA,NA
Gauntlet: Dark Legacy,Midway Games,Midway Games,ActionAdventure,ActionAdventure,2002,2002,T,TM,4,4,60,No,0.14,0.04,NA,NA,0.18
Geist,Nintendo,Nintendo,ActionAdventure,ActionAdventure,2005,2005,M,TM,4,4,66,Yes,0.11,0.03,NA,NA,0.15
Generation of Chaos Exceed,Idea Factory,Other,RolePlaying,RolePlaying,2003,2003,NA,NA,1,1,NA,Yes,NA,NA,NA,NA,NA
GiFTPiA,Nintendo,Nintendo,RolePlaying,RolePlaying,2003,2003,NA,NA,1,1,NA,Yes,NA,NA,0.11,NA,0.11
Gladius,Activision,Activision,Strategy,Other,2003,2003,T,TM,4,4,82,No,0.06,0.01,NA,NA,0.07
Go! Go! Hypergrind,Atlus,Other,Sports,Sports,2003,2003,T,TM,2,2,67,Yes,0.02,0.01,NA,NA,0.03
Goblin Commander: Unleash the Horde,Jaleco,Other,Strategy,Other,2003,2003,T,TM,2,2,71,No,0.01,NA,NA,NA,0.02
Godzilla: Destroy All Monsters Melee,Atari,Atari,Fighting,Fighting,2002,2002,T,TM,4,4,73,Yes,0.55,0.14,NA,0.02,0.71
GoldenEye: Rogue Agent,Electronic Arts,Electronic Arts,Shooter,Shooter,2004,2004,T,TM,4,4,60,No,0.28,0.07,NA,0.01,0.36
Gotcha Force,Capcom,Capcom,Shooter,Shooter,2003,2003,E,EE10,4,4,56,Yes,0.01,NA,0.01,NA,0.03
Grooverider: Slot Car Thunder,Encore,Other,Racing,Racing,2003,2003,E,EE10,4,4,49,No,0.01,NA,NA,NA,0.01
Gun,Activision,Activision,Shooter,Shooter,2005,2005,M,TM,1,1,77,No,0.14,0.04,NA,NA,0.18
Happy Feet,Midway Games,Midway Games,ActionAdventure,ActionAdventure,2006,2005,E,EE10,2,2,NA,No,0.2,0.05,NA,0.01,0.25
Harry Potter and the Chamber of Secrets,Electronic Arts,Electronic Arts,ActionAdventure,ActionAdventure,2002,2002,E,EE10,1,1,77,No,0.53,0.14,NA,0.02,0.69
Harry Potter and the Goblet of Fire,Electronic Arts,Electronic Arts,ActionAdventure,ActionAdventure,2005,2005,E10,EE10,3,2,69,No,0.32,0.08,NA,0.01,0.42
Harry Potter and the Prisoner of Azkaban,Electronic Arts,Electronic Arts,ActionAdventure,ActionAdventure,2004,2004,E,EE10,1,1,67,No,0.29,0.08,NA,0.01,0.38
Harry Potter and the Sorcerer's Stone,Electronic Arts,Electronic Arts,ActionAdventure,ActionAdventure,2003,2003,E,EE10,1,1,62,No,0.06,0.02,NA,NA,0.08
Harry Potter: Quidditch World Cup,Electronic Arts,Electronic Arts,Sports,Sports,2003,2003,E,EE10,2,2,68,No,0.31,0.08,NA,0.01,0.4
Harvest Moon: A Wonderful Life,Ubisoft,Ubisoft,RolePlaying,RolePlaying,2003,2003,E,EE10,1,1,79,No,0.61,0.16,NA,0.02,0.79
Harvest Moon: Another Wonderful Life,Marvelous Interactive,Other,RolePlaying,RolePlaying,2004,2004,E,EE10,1,1,70,Yes,0.19,0.05,NA,0.01,0.24
Harvest Moon: Magical Melody,Ubisoft,Ubisoft,Simulation,Other,2005,2005,E,EE10,1,1,83,Yes,0.19,0.05,NA,0.01,0.24
Hello Kitty: Roller Rescue,Empire Interactive,Other,ActionAdventure,ActionAdventure,2005,2005,E,EE10,1,1,64,No,0.06,0.02,NA,NA,0.08
Hikaru no Go 3,Konami Digital Entertainment,Konami Digital Entertainment,Miscellaneous,Other,2003,2003,NA,NA,2,2,NA,Yes,NA,NA,NA,NA,NA
Hitman 2: Silent Assassin,Eidos Interactive,Other,ActionAdventure,ActionAdventure,2003,2003,M,TM,1,1,83,No,0.1,0.03,NA,NA,0.13
Home Run King,Sega,Sega,Sports,Sports,2002,2002,E,EE10,2,2,66,Yes,0.09,0.02,NA,NA,0.11
Hot Wheels Velocity X,THQ,THQ,Racing,Racing,2002,2002,E,EE10,4,4,55,No,0.09,0.02,NA,NA,0.11
Hot Wheels World Race,THQ,THQ,Racing,Racing,2003,2003,E,EE10,4,4,59,No,0.13,0.03,NA,NA,0.16
Hudson Selection Vol. 1: Cubic Lode Runner,Hudson Soft,Other,Puzzle,Other,2003,2003,NA,NA,1,1,NA,No,NA,NA,NA,NA,NA
Hudson Selection Vol. 2: Star Soldier,Hudson Soft,Other,Shooter,Shooter,2003,2003,NA,NA,1,1,NA,No,NA,NA,NA,NA,NA
Hudson Selection Vol. 3: PC Genjin,Hudson Soft,Other,Platformer,Platformer,2003,2003,NA,NA,1,1,NA,No,NA,NA,NA,NA,NA
Hudson Selection Vol. 4: Takahashi Meijin no Bouken Shima,Hudson Soft,Other,Platformer,Platformer,2003,2003,NA,NA,1,1,NA,No,NA,NA,NA,NA,NA
Hulk,Universal Interactive,Other,ActionAdventure,ActionAdventure,2003,2003,T,TM,1,1,71,No,0.15,0.04,NA,0.01,0.19
Hunter: The Reckoning,Virgin Interactive,Other,ActionAdventure,ActionAdventure,2002,2002,M,TM,4,4,70,No,0.08,0.02,NA,NA,0.1
Ice Age 2: The Meltdown,Vivendi Games,Vivendi Games,Platformer,Platformer,2006,2005,E10,EE10,1,1,67,No,0.15,0.04,NA,0.01,0.19
Ikaruga,Atari,Atari,Shooter,Shooter,2003,2003,E,EE10,2,2,85,Yes,0.07,0.02,NA,NA,0.09
I-Ninja,Namco Bandai Games,Namco Bandai Games,Platformer,Platformer,2003,2003,T,TM,1,1,77,No,0.07,0.02,NA,NA,0.09
Intellivision Lives!,Crave Entertainment,Other,Collection,Other,2004,2004,E,EE10,4,4,61,No,0.05,0.01,NA,NA,0.06
International Superstar Soccer 2,Konami Digital Entertainment,Konami Digital Entertainment,Sports,Sports,2002,2002,E,EE10,4,4,NA,No,NA,NA,NA,NA,NA
International Superstar Soccer 3,Konami Digital Entertainment,Konami Digital Entertainment,Sports,Sports,2003,2003,E,EE10,4,4,NA,No,NA,NA,NA,NA,NA
James Bond 007: Agent Under Fire,Electronic Arts,Electronic Arts,Shooter,Shooter,2002,2002,T,TM,4,4,74,No,0.56,0.15,NA,0.02,0.72
James Bond 007: Everything or Nothing,Electronic Arts,Electronic Arts,Shooter,Shooter,2004,2004,T,TM,2,2,84,No,0.32,0.08,NA,0.01,0.42
James Bond 007: Nightfire,Electronic Arts,Electronic Arts,Shooter,Shooter,2002,2002,T,TM,4,4,80,No,0.6,0.16,NA,0.02,0.78
Jeremy McGrath Supercross World,Acclaim Entertainment,Acclaim Entertainment,Racing,Racing,2002,2002,E,EE10,2,2,36,No,0.09,0.02,NA,NA,0.12
Jikkyou Powerful Major League,Konami Digital Entertainment,Konami Digital Entertainment,Sports,Sports,2006,2005,NA,NA,2,2,NA,No,NA,NA,0.04,NA,0.04
Jikkyou Powerful Pro Yakyuu 10,Konami Digital Entertainment,Konami Digital Entertainment,Sports,Sports,2003,2003,NA,NA,2,2,NA,No,NA,NA,0.1,NA,0.1
Jikkyou Powerful Pro Yakyuu 10 Chou Ketteiban,Konami Digital Entertainment,Konami Digital Entertainment,Sports,Sports,2003,2003,NA,NA,2,2,NA,No,NA,NA,NA,NA,NA
Jikkyou Powerful Pro Yakyuu 11,Konami Digital Entertainment,Konami Digital Entertainment,Sports,Sports,2004,2004,NA,NA,2,2,NA,No,NA,NA,0.09,NA,0.1
Jikkyou Powerful Pro Yakyuu 11 Chou Ketteiban,Konami Digital Entertainment,Konami Digital Entertainment,Sports,Sports,2004,2004,NA,NA,2,2,NA,No,NA,NA,NA,NA,NA
Jikkyou Powerful Pro Yakyuu 12,Konami Digital Entertainment,Konami Digital Entertainment,Sports,Sports,2005,2005,NA,NA,2,2,NA,No,NA,NA,0.08,NA,0.08
Jikkyou Powerful Pro Yakyuu 12 Ketteiban,Konami Digital Entertainment,Konami Digital Entertainment,Sports,Sports,2005,2005,NA,NA,2,2,NA,No,NA,NA,0.02,NA,0.02
Jikkyou Powerful Pro Yakyuu 9,Konami Digital Entertainment,Konami Digital Entertainment,Sports,Sports,2002,2002,NA,NA,2,2,NA,No,NA,NA,0.11,NA,0.12
Jikkyou Powerful Pro Yakyuu 9 Ketteiban,Konami Digital Entertainment,Konami Digital Entertainment,Sports,Sports,2002,2002,NA,NA,2,2,NA,No,NA,NA,NA,NA,NA
Jikkyou World Soccer 2002,Konami Digital Entertainment,Konami Digital Entertainment,Sports,Sports,2002,2002,NA,NA,4,4,NA,No,NA,NA,NA,NA,NA
Jimmy Neutron: Boy Genius,THQ,THQ,Platformer,Platformer,2002,2002,E,EE10,1,1,42,No,0.07,0.02,NA,NA,0.09
Judge Dredd: Dredd Vs Death,Vivendi Games,Vivendi Games,Shooter,Shooter,2003,2003,M,TM,4,4,56,No,NA,NA,NA,NA,NA
Kao the Kangaroo Round 2,JoWood Productions,Other,Platformer,Platformer,2005,2005,E,EE10,1,1,57,No,0.01,NA,NA,NA,0.02
Karaoke Revolution Party,Konami Digital Entertainment,Konami Digital Entertainment,Music,Other,2005,2005,E10,EE10,4,4,80,No,0.05,0.01,NA,NA,0.07
Kelly Slater's Pro Surfer,Activision,Activision,Sports,Sports,2002,2002,E,EE10,2,2,80,No,0.05,0.01,NA,NA,0.06
Killer7,Capcom,Capcom,ActionAdventure,ActionAdventure,2005,2005,M,TM,1,1,74,No,0.12,0.03,NA,NA,0.15
King Arthur,Konami Digital Entertainment,Konami Digital Entertainment,ActionAdventure,ActionAdventure,2004,2004,T,TM,2,2,60,No,0.03,0.01,NA,NA,0.04
Kirby Air Ride,Nintendo,Nintendo,Racing,Racing,2003,2003,E,EE10,4,4,61,Yes,1.01,0.11,0.45,0.04,1.62
Knights of the Temple: Infernal Crusade,Take-Two Interactive,Take-Two Interactive,ActionAdventure,ActionAdventure,2004,2004,M,TM,1,1,NA,No,NA,NA,NA,NA,NA
Knockout Kings 2003,Electronic Arts,Electronic Arts,Sports,Sports,2002,2002,T,TM,2,2,78,No,0.12,0.03,NA,NA,0.15
Konjiki no Gashbell!! Yuujou no Tag Battle Full Power,Namco Bandai Games,Namco Bandai Games,ActionAdventure,ActionAdventure,2004,2004,NA,NA,2,2,NA,No,NA,NA,NA,NA,NA
Korokke! Ban-Ou no Kiki o Sukue,Konami Digital Entertainment,Konami Digital Entertainment,ActionAdventure,ActionAdventure,2004,2004,NA,NA,2,2,NA,No,NA,NA,NA,NA,NA
Kururin Squash!,Nintendo,Nintendo,Puzzle,Other,2004,2004,E,EE10,4,4,NA,Yes,NA,NA,NA,NA,NA
Largo Winch: Empire Under Threat,Ubisoft,Ubisoft,ActionAdventure,ActionAdventure,2002,2002,NA,NA,1,1,NA,No,NA,NA,NA,NA,NA
Legends of Wrestling,Acclaim Entertainment,Acclaim Entertainment,Fighting,Fighting,2002,2002,T,TM,4,4,50,No,0.1,0.03,NA,NA,0.13
Legends of Wrestling II,Acclaim Entertainment,Acclaim Entertainment,Fighting,Fighting,2002,2002,T,TM,4,4,59,No,0.09,0.02,NA,NA,0.12
LEGO Star Wars II: The Original Trilogy,LucasArts,Other,ActionAdventure,ActionAdventure,2006,2005,E10,EE10,2,2,84,No,0.75,0.19,NA,0.03,0.97
LEGO Star Wars: The Video Game,LucasArts,Other,ActionAdventure,ActionAdventure,2005,2005,E,EE10,2,2,79,No,1.09,0.28,NA,0.04,1.41
Lemony Snicket's A Series of Unfortunate Events,Activision,Activision,Platformer,Platformer,2004,2004,E,EE10,1,1,NA,No,0.2,0.05,NA,0.01,0.26
Looney Tunes: Back in Action,Warner Bros. Interactive Entertainment,Other,Platformer,Platformer,2003,2003,E,EE10,1,1,64,No,0.13,0.03,NA,NA,0.17
Lost Kingdoms,Activision,Activision,RolePlaying,RolePlaying,2002,2002,T,TM,2,2,72,Yes,0.1,0.02,0.04,NA,0.17
Lost Kingdoms II,Activision,Activision,RolePlaying,RolePlaying,2003,2003,T,TM,2,2,68,Yes,0.04,0.01,NA,NA,0.06
Lotus Challenge,Ignition Entertainment,Other,Racing,Racing,2004,2004,E,EE10,2,2,NA,No,0.01,NA,NA,NA,0.02
Luigi's Mansion,Nintendo,Nintendo,ActionAdventure,ActionAdventure,2001,2002,E,EE10,1,1,78,Yes,2.38,0.67,0.46,0.1,3.6
Lupin III: Umi ni Kieta Hihou,Asmik Ace Entertainment,Other,ActionAdventure,ActionAdventure,2003,2003,NA,NA,1,1,NA,Yes,NA,NA,NA,NA,NA
Madagascar,Activision,Activision,Platformer,Platformer,2005,2005,E10,EE10,4,4,70,No,0.52,0.13,NA,0.02,0.66
Madden NFL 06,Electronic Arts,Electronic Arts,Sports,Sports,2005,2005,E,EE10,4,4,86,No,0.44,0.11,NA,0.02,0.57
Madden NFL 07,Electronic Arts,Electronic Arts,Sports,Sports,2006,2005,E,EE10,4,4,82,No,0.48,0.13,NA,0.02,0.62
Madden NFL 08,Electronic Arts,Electronic Arts,Sports,Sports,2007,2005,E,EE10,4,4,75,No,0.06,0.02,NA,NA,0.08
Madden NFL 2002,Electronic Arts,Electronic Arts,Sports,Sports,2001,2002,E,EE10,4,4,89,No,0.47,0.12,NA,0.02,0.61
Madden NFL 2003,Electronic Arts,Electronic Arts,Sports,Sports,2002,2002,E,EE10,4,4,92,No,0.33,0.09,NA,0.01,0.43
Madden NFL 2004,Electronic Arts,Electronic Arts,Sports,Sports,2003,2003,E,EE10,4,4,94,No,0.4,0.1,NA,0.01,0.51
Madden NFL 2005,Electronic Arts,Electronic Arts,Sports,Sports,2004,2004,E,EE10,4,4,90,No,0.54,0.14,NA,0.02,0.7
Major League Baseball 2K6,Take-Two Interactive,Take-Two Interactive,Sports,Sports,2006,2005,E,EE10,2,2,66,No,0.13,0.03,NA,NA,0.17
Mario Golf: Toadstool Tour,Nintendo,Nintendo,Sports,Sports,2003,2003,E,EE10,4,4,81,Yes,1.09,0.15,0.25,0.04,1.53
Mario Kart: Double Dash!!,Nintendo,Nintendo,Racing,Racing,2003,2003,E,EE10,4,4,87,Yes,4.12,1.77,0.87,0.19,6.95
Mario Party 4,Nintendo,Nintendo,Party,Other,2002,2002,E,EE10,4,4,70,Yes,1.13,0.36,0.92,0.07,2.47
Mario Party 5,Nintendo,Nintendo,Party,Other,2003,2003,E,EE10,4,4,69,Yes,0.97,0.33,0.73,0.06,2.08
Mario Party 6,Nintendo,Nintendo,Party,Other,2004,2004,E,EE10,4,4,71,Yes,0.9,0.11,0.6,0.05,1.65
Mario Party 7,Nintendo,Nintendo,Party,Other,2005,2005,E,EE10,4,4,64,Yes,0.95,0.11,0.46,0.04,1.57
Mario Power Tennis,Nintendo,Nintendo,Sports,Sports,2004,2004,E,EE10,4,4,80,Yes,0.58,0.16,0.46,0.03,1.22
Mario Superstar Baseball,Nintendo,Nintendo,Sports,Sports,2005,2005,E,EE10,2,2,76,Yes,0.93,0.24,0.25,0.04,1.46
Mark Davis Pro Bass Challenge,Natsume,Other,Sports,Sports,2005,2005,E,EE10,2,2,NA,No,0.01,NA,NA,NA,0.01
Marvel Nemesis: Rise of the Imperfects,Electronic Arts,Electronic Arts,Fighting,Fighting,2005,2005,T,TM,2,2,54,No,0.3,0.08,NA,0.01,0.38
Mary-Kate and Ashley: Sweet 16 - Licensed to Drive,Acclaim Entertainment,Acclaim Entertainment,Party,Other,2003,2003,E,EE10,4,4,49,No,0.17,0.04,NA,0.01,0.22
Mat Hoffman's Pro BMX 2,Activision,Activision,Sports,Sports,2002,2002,T,TM,2,2,70,No,0.03,0.01,NA,NA,0.04
MC Groovz Dance Craze,Mad Catz,Other,Music,Other,2004,2004,E,EE10,2,2,42,Yes,0.15,0.04,NA,0.01,0.2
Medabots: Infinity,Ubisoft,Ubisoft,RolePlaying,RolePlaying,2003,2003,E,EE10,2,2,51,Yes,0.04,0.01,NA,NA,0.05
Medal of Honor European Assault,Electronic Arts,Electronic Arts,Shooter,Shooter,2005,2005,T,TM,4,4,71,No,0.19,0.05,NA,0.01,0.25
Medal of Honor: Frontline,Electronic Arts,Electronic Arts,Shooter,Shooter,2002,2002,T,TM,4,4,80,No,0.46,0.12,NA,0.02,0.59
Medal of Honor: Rising Sun,Electronic Arts,Electronic Arts,Shooter,Shooter,2003,2003,T,TM,4,4,68,No,0.33,0.09,NA,0.01,0.42
Mega Man Anniversary Collection,Capcom,Capcom,Platformer,Platformer,2004,2004,E,EE10,1,1,81,No,0.32,0.08,NA,0.01,0.42
Mega Man Network Transmission,Capcom,Capcom,Platformer,Platformer,2003,2003,E,EE10,1,1,65,Yes,0.13,0.03,NA,NA,0.17
Mega Man X Collection,Capcom,Capcom,Collection,Other,2006,2005,E,EE10,2,2,75,No,0.1,0.03,NA,NA,0.13
Mega Man X: Command Mission,Capcom,Capcom,RolePlaying,RolePlaying,2004,2004,E,EE10,1,1,67,No,0.1,0.02,NA,NA,0.12
Men in Black II: Alien Escape,Infogrames Entertainment,Other,Shooter,Shooter,2003,2003,T,TM,1,1,NA,No,0.01,NA,NA,NA,0.01
Metal Arms: Glitch in the System,Vivendi Games,Vivendi Games,Shooter,Shooter,2003,2003,T,TM,4,4,83,No,0.08,0.02,NA,NA,0.1
Metal Gear Solid: The Twin Snakes,Konami Digital Entertainment,Konami Digital Entertainment,ActionAdventure,ActionAdventure,2004,2004,M,TM,1,1,85,Yes,0.3,0.08,0.07,0.01,0.47
Metroid Prime,Nintendo,Nintendo,Shooter,Shooter,2002,2002,T,TM,1,1,97,Yes,1.96,0.67,0.1,0.09,2.82
Metroid Prime 2: Echoes,Nintendo,Nintendo,Shooter,Shooter,2004,2004,T,TM,4,4,92,Yes,0.87,0.35,0.07,0.04,1.33
Micro Machines,Atari,Atari,Racing,Racing,2003,2003,E,EE10,4,4,NA,No,NA,NA,NA,NA,NA
Midway Arcade Treasures,Midway Games,Midway Games,Collection,Other,2003,2003,T,TM,4,4,72,No,0.13,0.03,NA,NA,0.17
Midway Arcade Treasures 2,Midway Games,Midway Games,Collection,Other,2004,2004,M,TM,4,4,74,No,0.13,0.03,NA,NA,0.16
Midway Arcade Treasures 3,Midway Games,Midway Games,Collection,Other,2005,2005,E,EE10,4,4,65,No,0.05,0.01,NA,NA,0.07
Minority Report: Everybody Runs,Activision,Activision,ActionAdventure,ActionAdventure,2002,2002,T,TM,1,1,53,No,0.08,0.02,NA,NA,0.1
Mission: Impossible - Operation Surma,Atari,Atari,Platformer,Platformer,2004,2004,T,TM,1,1,64,No,0.01,NA,NA,NA,0.02
MLB SlugFest 20-03,Midway Games,Midway Games,Sports,Sports,2002,2002,E,EE10,2,2,80,No,0.11,0.03,NA,NA,0.15
MLB SlugFest 20-04,Midway Games,Midway Games,Sports,Sports,2003,2003,E,EE10,2,2,76,No,0.03,0.01,NA,NA,0.04
Mobile Suit Gundam: Gundam vs. Z Gundam,Namco Bandai Games,Namco Bandai Games,Shooter,Shooter,2004,2004,T,TM,2,2,NA,No,NA,NA,NA,NA,NA
Mobile Suit Gundam: Senshitachi no Kiseki,Namco Bandai Games,Namco Bandai Games,ActionAdventure,ActionAdventure,2004,2004,NA,NA,1,1,NA,Yes,NA,NA,NA,NA,NA
Momotarou Dentetsu 11,Hudson Soft,Other,Miscellaneous,Other,2002,2002,NA,NA,1,1,NA,No,NA,NA,0.07,NA,0.08
Momotarou Dentetsu 12,Hudson Soft,Other,Miscellaneous,Other,2003,2003,NA,NA,1,1,NA,No,NA,NA,NA,NA,NA
Monopoly Party,Infogrames Entertainment,Other,Party,Other,2002,2002,E,EE10,4,4,65,No,0.1,0.03,NA,NA,0.13
Monster 4x4: Masters of Metal,Ubisoft,Ubisoft,Racing,Racing,2003,2003,E,EE10,2,2,49,No,0.04,0.01,NA,NA,0.05
Monster House,THQ,THQ,ActionAdventure,ActionAdventure,2006,2005,E10,EE10,1,1,60,No,0.11,0.03,NA,NA,0.14
Monster Jam: Maximum Destruction,Ubisoft,Ubisoft,Racing,Racing,2002,2002,T,TM,4,4,NA,No,0.04,0.01,NA,NA,0.05
"Monsters, Inc. Scream Arena",THQ,THQ,Platformer,Platformer,2002,2002,E,EE10,4,4,39,Yes,0.29,0.07,NA,0.01,0.37
Mortal Kombat: Deadly Alliance,Midway Games,Midway Games,Fighting,Fighting,2002,2002,M,TM,2,2,81,No,0.31,0.08,NA,0.01,0.41
Mortal Kombat: Deception,Midway Games,Midway Games,Fighting,Fighting,2005,2005,M,TM,2,2,77,No,0.09,0.02,NA,NA,0.11
Mr. Driller: Drill Land,Namco Bandai Games,Namco Bandai Games,Puzzle,Other,2002,2002,NA,NA,2,2,NA,Yes,NA,NA,NA,NA,NA
Muppets Party Cruise,Take-Two Interactive,Take-Two Interactive,Party,Other,2003,2003,E,EE10,4,4,NA,No,0.02,NA,NA,NA,0.02
Muscle Champion,Konami Digital Entertainment,Konami Digital Entertainment,Sports,Sports,2002,2002,NA,NA,4,4,NA,Yes,NA,NA,NA,NA,NA
MVP Baseball 2004,Electronic Arts,Electronic Arts,Sports,Sports,2004,2004,E,EE10,2,2,89,No,0.2,0.05,NA,0.01,0.26
MVP Baseball 2005,Electronic Arts,Electronic Arts,Sports,Sports,2005,2005,E,EE10,2,2,88,No,0.25,0.07,NA,0.01,0.33
MX SuperFly featuring Ricky Carmichael,THQ,THQ,Racing,Racing,2002,2002,E,EE10,2,2,76,No,0.07,0.02,NA,NA,0.09
Mystic Heroes,Tecmo Koei,Other,ActionAdventure,ActionAdventure,2002,2002,T,TM,4,4,67,Yes,0.03,0.01,0.04,NA,0.09
Namco Museum,Namco Bandai Games,Namco Bandai Games,Collection,Other,2002,2002,E,EE10,2,2,62,No,0.48,0.13,NA,0.02,0.63
Namco Museum: 50th Anniversary,Namco Bandai Games,Namco Bandai Games,Collection,Other,2005,2005,E10,EE10,2,2,60,No,0.17,0.04,NA,0.01,0.21
Naruto: Clash of Ninja,Tomy Corporation,Other,Fighting,Fighting,2003,2003,T,TM,2,2,72,Yes,0.53,0.14,0.21,0.03,0.89
Naruto: Clash of Ninja 2,Nintendo,Nintendo,Fighting,Fighting,2003,2003,T,TM,4,4,74,Yes,0.44,0.12,0.45,0.03,1.04
Naruto: Gekitou Ninja Taisen! 3,Tomy Corporation,Other,Fighting,Fighting,2004,2004,T,TM,4,4,NA,Yes,NA,NA,0.43,0.01,0.44
Naruto: Gekitou Ninja Taisen! 4,Tomy Corporation,Other,Fighting,Fighting,2005,2005,T,TM,4,4,NA,Yes,NA,NA,0.32,0.01,0.33
NASCAR 2005: Chase for the Cup,Electronic Arts,Electronic Arts,Racing,Racing,2004,2004,E,EE10,2,2,NA,No,0.1,0.02,NA,NA,0.12
NASCAR Thunder 2003,Electronic Arts,Electronic Arts,Racing,Racing,2002,2002,E,EE10,4,4,85,No,0.24,0.06,NA,0.01,0.31
NASCAR: Dirt to Daytona,Infogrames Entertainment,Other,Racing,Racing,2002,2002,E,EE10,4,4,85,No,0.07,0.02,NA,NA,0.09
NBA 2K2,Sega,Sega,Sports,Sports,2002,2002,E,EE10,4,4,90,No,0.09,0.02,NA,NA,0.12
NBA 2K3,Sega,Sega,Sports,Sports,2002,2002,E,EE10,4,4,84,No,0.12,0.03,NA,NA,0.16
NBA Courtside 2002,Nintendo,Nintendo,Sports,Sports,2002,2002,E,EE10,4,4,71,Yes,0.19,0.05,NA,0.01,0.25
NBA Live 06,Electronic Arts,Electronic Arts,Sports,Sports,2005,2005,E,EE10,4,4,76,No,0.25,0.07,NA,0.01,0.33
NBA Live 2003,Electronic Arts,Electronic Arts,Sports,Sports,2002,2002,E,EE10,4,4,82,No,0.23,0.06,NA,0.01,0.3
NBA Live 2004,Electronic Arts,Electronic Arts,Sports,Sports,2003,2003,E,EE10,4,4,84,No,0.21,0.05,NA,0.01,0.27
NBA Live 2005,Electronic Arts,Electronic Arts,Sports,Sports,2004,2004,E,EE10,4,4,83,No,0.35,0.09,NA,0.01,0.45
NBA Street,Electronic Arts,Electronic Arts,Sports,Sports,2002,2002,E,EE10,2,2,88,No,0.33,0.09,NA,0.01,0.42
NBA Street V3,Electronic Arts,Electronic Arts,Sports,Sports,2005,2005,E,EE10,4,4,88,No,0.23,0.06,NA,0.01,0.29
NBA Street Vol. 2,Electronic Arts,Electronic Arts,Sports,Sports,2003,2003,E,EE10,4,4,88,No,0.41,0.11,NA,0.01,0.54
NCAA College Basketball 2K3,Sega,Sega,Sports,Sports,2002,2002,E,EE10,4,4,82,No,0.01,NA,NA,NA,0.01
NCAA College Football 2K3,Sega,Sega,Sports,Sports,2002,2002,E,EE10,2,2,70,No,0.05,0.01,NA,NA,0.07
NCAA Football 2003,Electronic Arts,Electronic Arts,Sports,Sports,2002,2002,E,EE10,4,4,91,No,0.16,0.04,NA,0.01,0.21
NCAA Football 2004,Electronic Arts,Electronic Arts,Sports,Sports,2003,2003,E,EE10,4,4,89,No,0.12,0.03,NA,NA,0.15
NCAA Football 2005,Electronic Arts,Electronic Arts,Sports,Sports,2004,2004,E,EE10,4,4,88,No,0.17,0.04,NA,0.01,0.22
Need for Speed Carbon,Electronic Arts,Electronic Arts,Racing,Racing,2006,2005,E10,EE10,2,2,75,No,0.27,0.07,NA,0.01,0.35
Need for Speed Underground,Electronic Arts,Electronic Arts,Racing,Racing,2003,2003,E,EE10,2,2,83,No,0.69,0.48,0.01,0.03,1.21
Need for Speed Underground 2,Electronic Arts,Electronic Arts,Racing,Racing,2004,2004,E,EE10,2,2,80,No,0.7,0.39,0.01,0.03,1.14
Need for Speed: Hot Pursuit 2,Electronic Arts,Electronic Arts,Racing,Racing,2002,2002,E,EE10,2,2,68,No,0.68,0.09,NA,0.02,0.8
Need for Speed: Most Wanted,Electronic Arts,Electronic Arts,Racing,Racing,2005,2005,T,TM,2,2,80,No,0.43,0.11,NA,0.02,0.56
Neighbours From Hell,JoWood Productions,Other,Strategy,Other,2005,2005,E,EE10,1,1,NA,No,NA,NA,NA,NA,NA
NFL 2K3,Sega,Sega,Sports,Sports,2002,2002,E,EE10,4,4,92,No,0.17,0.04,NA,0.01,0.22
NFL Blitz 20-02,Midway Games,Midway Games,Sports,Sports,2002,2002,E,EE10,4,4,77,No,0.07,0.02,NA,NA,0.09
NFL Blitz 20-03,Midway Games,Midway Games,Sports,Sports,2002,2002,E,EE10,4,4,72,No,0.11,0.03,NA,NA,0.14
NFL Blitz Pro,Midway Games,Midway Games,Sports,Sports,2003,2003,E,EE10,4,4,71,No,0.02,NA,NA,NA,0.02
NFL Quarterback Club 2002,Acclaim Entertainment,Acclaim Entertainment,Sports,Sports,2001,2002,E,EE10,4,4,53,No,0.04,0.01,NA,NA,0.05
NFL Street,Electronic Arts,Electronic Arts,Sports,Sports,2004,2004,E,EE10,4,4,81,No,0.27,0.07,NA,0.01,0.35
NFL Street 2,Electronic Arts,Electronic Arts,Sports,Sports,2004,2004,E,EE10,4,4,77,No,0.15,0.04,NA,0.01,0.2
NHL 06,Electronic Arts,Electronic Arts,Sports,Sports,2005,2005,E10,EE10,4,4,78,No,0.06,0.02,NA,NA,0.08
NHL 2003,Electronic Arts,Electronic Arts,Sports,Sports,2002,2002,E,EE10,4,4,79,No,0.1,0.03,NA,NA,0.13
NHL 2004,Electronic Arts,Electronic Arts,Sports,Sports,2003,2003,E,EE10,4,4,85,No,0.08,0.02,NA,NA,0.1
NHL 2005,Electronic Arts,Electronic Arts,Sports,Sports,2004,2004,E,EE10,4,4,75,No,0.05,0.01,NA,NA,0.07
NHL 2K3,Sega,Sega,Sports,Sports,2002,2002,E,EE10,4,4,89,No,0.01,NA,NA,NA,0.02
NHL Hitz 20-02,Midway Games,Midway Games,Sports,Sports,2001,2002,E,EE10,4,4,79,No,0.16,0.04,NA,0.01,0.21
NHL Hitz 20-03,Midway Games,Midway Games,Sports,Sports,2002,2002,E,EE10,4,4,82,No,0.06,0.02,NA,NA,0.08
NHL Hitz Pro,Midway Games,Midway Games,Sports,Sports,2003,2003,E,EE10,4,4,81,No,0.03,0.01,NA,NA,0.04
Nickelodeon Party Blast,Atari,Atari,Party,Other,2002,2002,E,EE10,4,4,NA,No,0.19,0.05,NA,0.01,0.25
Nicktoons: Battle for Volcano Island,THQ,THQ,ActionAdventure,ActionAdventure,2006,2005,E,EE10,4,4,NA,No,0.22,0.06,NA,0.01,0.29
Nicktoons: Unite!,THQ,THQ,ActionAdventure,ActionAdventure,2005,2005,E,EE10,2,2,NA,No,0.27,0.07,NA,0.01,0.35
Nintendo Puzzle Collection,Nintendo,Nintendo,Puzzle,Other,2003,2003,NA,NA,2,2,NA,Yes,NA,NA,0.13,NA,0.13
Odama,Nintendo,Nintendo,Strategy,Other,2006,2005,E10,EE10,1,1,62,Yes,0.07,0.02,0.02,NA,0.11
Ohenro-San: Hosshin no Dojo,Pin Change,Other,ActionAdventure,ActionAdventure,2003,2003,NA,NA,1,1,NA,Yes,NA,NA,NA,NA,NA
One Piece: Grand Adventure,Namco Bandai Games,Namco Bandai Games,Fighting,Fighting,2006,2005,T,TM,2,2,70,No,0.03,0.01,NA,NA,0.04
One Piece: Grand Battle,Namco Bandai Games,Namco Bandai Games,Fighting,Fighting,2005,2005,T,TM,2,2,67,No,0.05,0.01,NA,NA,0.06
One Piece: Grand Battle! 3,Namco Bandai Games,Namco Bandai Games,Fighting,Fighting,2003,2003,NA,NA,2,2,NA,No,NA,NA,0.2,0.01,0.2
One Piece: Pirates Carnival,Namco Bandai Games,Namco Bandai Games,Party,Other,2005,2005,E,EE10,4,4,49,No,0.06,0.02,NA,NA,0.08
One Piece: Treasure Battle!,Namco Bandai Games,Namco Bandai Games,Fighting,Fighting,2002,2002,NA,NA,4,4,NA,Yes,NA,NA,0.28,0.01,0.29
Open Season,Ubisoft,Ubisoft,Platformer,Platformer,2006,2005,E10,EE10,4,4,59,No,0.13,0.03,NA,NA,0.17
Outlaw Golf,Take-Two Interactive,Take-Two Interactive,Sports,Sports,2002,2002,T,TM,4,4,69,No,0.06,0.02,NA,NA,0.08
Over the Hedge,Activision,Activision,Platformer,Platformer,2006,2005,E10,EE10,2,2,61,No,0.27,0.07,NA,0.01,0.35
P.N.03 - Product Number Three,Capcom,Capcom,Shooter,Shooter,2003,2003,T,TM,1,1,63,Yes,0.06,0.02,NA,NA,0.08
Pac-Man Fever,Namco Bandai Games,Namco Bandai Games,Party,Other,2002,2002,E,EE10,4,4,54,No,0.21,0.06,NA,0.01,0.28
Pac-Man Player's Choice Bundle,Namco Bandai Games,Namco Bandai Games,Collection,Other,2003,2003,E,EE10,4,4,NA,Yes,0.48,0.12,NA,0.02,0.62
Pac-Man vs.,Namco Bandai Games,Namco Bandai Games,Puzzle,Other,2003,2003,E,EE10,4,4,78,Yes,NA,NA,NA,NA,NA
Pac-Man World 2,Namco Bandai Games,Namco Bandai Games,ActionAdventure,ActionAdventure,2002,2002,E,EE10,1,1,74,No,0.28,0.07,NA,0.01,0.37
Pac-Man World 3,Namco Bandai Games,Namco Bandai Games,Platformer,Platformer,2005,2005,E,EE10,1,1,66,No,0.07,0.02,NA,NA,0.09
Pac-Man World Rally,Namco Bandai Games,Namco Bandai Games,Racing,Racing,2006,2005,E,EE10,2,2,57,No,0.06,0.02,NA,NA,0.08
Paper Mario: The Thousand-Year Door,Nintendo,Nintendo,RolePlaying,RolePlaying,2004,2004,E,EE10,1,1,87,Yes,1.48,0.25,0.46,0.06,2.25
Peter Jackson's King Kong: The Official Game of the Movie,Ubisoft,Ubisoft,ActionAdventure,ActionAdventure,2005,2005,T,TM,1,1,81,No,0.19,0.05,NA,0.01,0.24
Phantasy Star Online Episode I & II,Sega,Sega,RolePlaying,RolePlaying,2002,2002,T,TM,4,4,85,No,0.23,0.06,0.16,0.01,0.45
Phantasy Star Online Episode I & II Plus,Sega,Sega,RolePlaying,RolePlaying,2003,2003,T,TM,4,4,NA,No,0.04,0.01,NA,NA,0.05
Phantasy Star Online Episode III: C.A.R.D. Revolution,Sega,Sega,RolePlaying,RolePlaying,2003,2003,T,TM,4,4,71,Yes,0.06,0.02,NA,NA,0.08
Piglet's Big Game,Gotham Games,Other,Platformer,Platformer,2003,2003,E,EE10,1,1,70,No,0.04,0.01,NA,NA,0.05
Pikmin,Nintendo,Nintendo,Strategy,Other,2001,2002,E,EE10,1,1,89,Yes,0.78,0.25,0.56,0.04,1.63
Pikmin 2,Nintendo,Nintendo,Strategy,Other,2004,2004,E,EE10,2,2,90,Yes,0.48,0.13,0.56,0.03,1.2
Pinball Hall of Fame: The Gottlieb Collection,Crave Entertainment,Other,Miscellaneous,Other,2005,2005,E,EE10,4,4,64,No,0.04,0.01,NA,NA,0.05
Pitfall: The Lost Expedition,Activision,Activision,Platformer,Platformer,2004,2004,E,EE10,1,1,73,No,0.06,0.02,NA,NA,0.08
Pokemon Box: Ruby and Sapphire,Nintendo,Nintendo,Miscellaneous,Other,2003,2003,E,EE10,1,1,NA,Yes,NA,NA,0.27,0.01,0.28
Pokemon Channel,Nintendo,Nintendo,ActionAdventure,ActionAdventure,2003,2003,E,EE10,1,1,55,Yes,0.24,0.06,0.07,0.01,0.38
Pokemon Colosseum,Nintendo,Nintendo,RolePlaying,RolePlaying,2003,2003,E,EE10,4,4,73,Yes,1.21,0.57,0.7,0.07,2.54
Pokemon XD: Gale of Darkness,Nintendo,Nintendo,RolePlaying,RolePlaying,2005,2005,E,EE10,4,4,64,Yes,0.71,0.19,0.31,0.03,1.25
Pool Edge,Media Kite,Other,Sports,Sports,2002,2002,E,EE10,2,2,76,Yes,NA,NA,NA,NA,NA
Power Rangers: Dino Thunder,THQ,THQ,ActionAdventure,ActionAdventure,2004,2004,E,EE10,1,1,49,No,0.31,0.08,NA,0.01,0.4
Prince of Persia: The Sands of Time,Ubisoft,Ubisoft,ActionAdventure,ActionAdventure,2003,2003,T,TM,1,1,92,No,0.25,0.06,NA,0.01,0.32
Prince of Persia: The Two Thrones,Ubisoft,Ubisoft,ActionAdventure,ActionAdventure,2005,2005,T,TM,1,1,84,No,0.11,0.03,NA,NA,0.15
Prince of Persia: Warrior Within,Ubisoft,Ubisoft,ActionAdventure,ActionAdventure,2004,2004,T,TM,1,1,83,No,0.15,0.04,NA,0.01,0.2
Pro Rally,Ubisoft,Ubisoft,Racing,Racing,2002,2002,E,EE10,2,2,64,No,0.01,NA,NA,NA,0.02
Puyo Pop Fever,Sega,Sega,Puzzle,Other,2004,2004,E,EE10,2,2,72,No,0.01,NA,NA,NA,0.01
R: Racing Evolution,Namco Bandai Games,Namco Bandai Games,Racing,Racing,2003,2003,T,TM,2,2,67,No,0.06,0.02,NA,NA,0.08
Radirgy Generic,Milestone,Other,Shooter,Shooter,2006,2005,E,EE10,2,2,NA,No,NA,NA,NA,NA,NA
Rally Championship,SCi,Other,Racing,Racing,2003,2003,E,EE10,2,2,63,No,0.01,NA,NA,NA,0.01
Rampage: Total Destruction,Midway Games,Midway Games,ActionAdventure,ActionAdventure,2006,2005,E10,EE10,4,4,57,No,0.31,0.08,NA,0.01,0.4
Ratatouille,THQ,THQ,Platformer,Platformer,2007,2005,E,EE10,4,4,60,No,0.11,0.03,NA,NA,0.14
Rave Master,Konami Digital Entertainment,Konami Digital Entertainment,Fighting,Fighting,2002,2002,T,TM,4,4,60,Yes,NA,NA,0.05,NA,0.05
Rayman 3: Hoodlum Havoc,Ubisoft,Ubisoft,Platformer,Platformer,2003,2003,E,EE10,1,1,77,No,0.05,0.01,NA,NA,0.07
Rayman Arena,Ubisoft,Ubisoft,Racing,Racing,2002,2002,E,EE10,4,4,60,No,0.11,0.03,NA,NA,0.14
Red Faction II,THQ,THQ,Shooter,Shooter,2003,2003,M,TM,4,4,79,No,0.03,0.01,NA,NA,0.03
RedCard 20-03,Midway Games,Midway Games,Sports,Sports,2002,2002,E,EE10,4,4,71,No,0.02,NA,NA,NA,0.02
Reign of Fire,BAM! Entertainment,Other,Shooter,Shooter,2002,2002,T,TM,1,1,54,No,0.08,0.02,NA,NA,0.11
Resident Evil,Capcom,Capcom,ActionAdventure,ActionAdventure,2002,2002,M,TM,1,1,91,Yes,0.63,0.38,0.35,0.05,1.42
Resident Evil - Code: Veronica X,Capcom,Capcom,ActionAdventure,ActionAdventure,2003,2003,M,TM,1,1,62,No,0.05,0.01,NA,NA,0.06
Resident Evil 2,Capcom,Capcom,ActionAdventure,ActionAdventure,2003,2003,M,TM,1,1,59,Yes,0.04,0.01,NA,NA,0.06
Resident Evil 3: Nemesis,Capcom,Capcom,ActionAdventure,ActionAdventure,2003,2003,M,TM,1,1,62,Yes,0.06,0.02,NA,NA,0.08
Resident Evil 4,Capcom,Capcom,ActionAdventure,ActionAdventure,2005,2005,M,TM,1,1,96,No,0.98,0.42,0.22,0.06,1.69
Resident Evil Zero,Capcom,Capcom,ActionAdventure,ActionAdventure,2002,2002,M,TM,1,1,83,Yes,0.54,0.27,0.45,0.04,1.29
Ribbit King,Atari,Atari,Sports,Sports,2003,2003,E,EE10,4,4,60,No,0.04,0.01,NA,NA,0.05
Road Trip: The Arcade Edition,Zoo Digital Publishing,Other,Racing,Racing,2002,2002,E,EE10,4,4,NA,Yes,0.02,NA,NA,NA,0.02
RoadKill,Midway Games,Midway Games,ActionAdventure,ActionAdventure,2003,2003,M,TM,4,4,64,No,0.02,0.01,NA,NA,0.03
RoboCop,Titus,Other,Shooter,Shooter,2004,2004,NA,NA,1,1,NA,No,NA,NA,NA,NA,NA
Robotech: Battlecry,Take-Two Interactive,Take-Two Interactive,Shooter,Shooter,2002,2002,T,TM,2,2,74,No,0.13,0.03,NA,NA,0.16
Robots,Vivendi Games,Vivendi Games,ActionAdventure,ActionAdventure,2005,2005,E,EE10,1,1,56,No,0.12,0.03,NA,NA,0.16
Rocket Power: Beach Bandits,THQ,THQ,Platformer,Platformer,2002,2002,E,EE10,2,2,53,No,0.18,0.05,NA,0.01,0.23
Rocky,Rage Software,Other,Fighting,Fighting,2002,2002,T,TM,2,2,74,No,0.07,0.02,NA,NA,0.09
Rogue Ops,Kemco,Other,ActionAdventure,ActionAdventure,2003,2003,M,TM,1,1,65,No,0.04,0.01,NA,NA,0.05
Room Zoom: Race for Impact,Jaleco,Other,Racing,Racing,2004,2004,M,TM,4,4,NA,No,NA,NA,NA,NA,NA
Rugrats: Royal Ransom,THQ,THQ,Platformer,Platformer,2002,2002,E,EE10,2,2,NA,No,0.13,0.03,NA,NA,0.17
Samurai Jack: The Shadow of Aku,Sega,Sega,ActionAdventure,ActionAdventure,2004,2004,T,TM,1,1,59,No,0.01,NA,NA,NA,0.02
Scaler,Take-Two Interactive,Take-Two Interactive,Platformer,Platformer,2004,2004,E,EE10,1,1,69,No,0.03,0.01,NA,NA,0.04
Scooby-Doo! Mystery Mayhem,THQ,THQ,ActionAdventure,ActionAdventure,2004,2004,E,EE10,1,1,54,No,0.17,0.04,NA,0.01,0.22
Scooby-Doo! Night of 100 Frights,THQ,THQ,Platformer,Platformer,2002,2002,E,EE10,1,1,68,No,0.23,0.06,NA,0.01,0.3
Scooby-Doo! Unmasked,THQ,THQ,Platformer,Platformer,2005,2005,E,EE10,1,1,64,No,0.12,0.03,NA,NA,0.15
SD Gundam: Gashapon Wars,Namco Bandai Games,Namco Bandai Games,Strategy,Other,2005,2005,E,EE10,4,4,NA,Yes,NA,NA,0.07,NA,0.07
SeaWorld Adventure Parks: Shamu's Deep Sea Adventure,Activision,Activision,ActionAdventure,ActionAdventure,2005,2005,E,EE10,1,1,NA,No,0.07,0.02,NA,NA,0.09
Second Sight,Codemasters,Other,ActionAdventure,ActionAdventure,2004,2004,T,TM,1,1,77,No,0.04,0.01,NA,NA,0.05
Sega Soccer Slam,Sega,Sega,Sports,Sports,2002,2002,E,EE10,4,4,84,No,0.05,0.01,NA,NA,0.07
Serious Sam: Next Encounter,Global Star,Other,Shooter,Shooter,2004,2004,M,TM,4,4,69,No,0.02,NA,NA,NA,0.02
Shadow The Hedgehog,Sega,Sega,Platformer,Platformer,2005,2005,E10,EE10,2,2,51,No,0.76,0.2,NA,0.03,0.99
Shaman King: Soul Fight,Namco Bandai Games,Namco Bandai Games,Platformer,Platformer,2003,2003,NA,NA,2,2,NA,Yes,NA,NA,0.05,NA,0.05
Shark Tale,Activision,Activision,ActionAdventure,ActionAdventure,2004,2004,E,EE10,1,1,69,No,0.23,0.06,NA,0.01,0.3
Shikigami no Shiro II,Kids Station,Other,Shooter,Shooter,2003,2003,E,EE10,2,2,NA,No,NA,NA,NA,NA,NA
Shinseiki GPX Cyber Formula: Road To The EVOLUTION,Sunrise Interactive,Other,Racing,Racing,2004,2004,NA,NA,4,4,NA,No,NA,NA,NA,NA,NA
Shrek 2,Activision,Activision,Platformer,Platformer,2004,2004,E,EE10,4,4,70,No,0.73,0.26,0.01,0.03,1.02
Shrek Extra Large,Take-Two Interactive,Take-Two Interactive,Platformer,Platformer,2002,2002,T,TM,4,4,36,No,0.13,0.03,NA,NA,0.17
Shrek Smash n' Crash Racing,Activision,Activision,Racing,Racing,2006,2005,E,EE10,2,2,NA,No,0.1,0.03,NA,NA,0.13
Shrek Super Party,Take-Two Interactive,Take-Two Interactive,Party,Other,2003,2003,E10,EE10,4,4,70,No,0.04,0.01,NA,NA,0.05
Shrek SuperSlam,Activision,Activision,ActionAdventure,ActionAdventure,2005,2005,E10,EE10,4,4,70,No,0.17,0.04,NA,0.01,0.22
Skies of Arcadia Legends,Atari,Atari,RolePlaying,RolePlaying,2002,2002,T,TM,1,1,84,Yes,0.17,0.04,NA,0.01,0.22
Smashing Drive,Namco Bandai Games,Namco Bandai Games,Racing,Racing,2002,2002,T,TM,2,2,47,No,0.06,0.01,NA,NA,0.07
Smuggler's Run: Warzones,Take-Two Interactive,Take-Two Interactive,Racing,Racing,2002,2002,T,TM,4,4,79,No,0.06,0.02,NA,NA,0.08
Sonic Adventure 2 Battle,Sega,Sega,Platformer,Platformer,2001,2002,E,EE10,2,2,73,Yes,1.7,0.59,0.21,0.07,2.56
Sonic Adventure DX: Director's Cut,Sega,Sega,Platformer,Platformer,2003,2003,E,EE10,1,1,57,Yes,0.87,0.3,0.06,0.03,1.27
Sonic Gems Collection,Sega,Sega,Collection,Other,2005,2005,E,EE10,4,4,64,No,0.32,0.08,NA,0.01,0.42
Sonic Heroes,Sega,Sega,Platformer,Platformer,2003,2003,E,EE10,2,2,72,No,1.05,0.44,0.06,0.04,1.6
Sonic Mega Collection,Sega,Sega,Collection,Other,2002,2002,E,EE10,2,2,75,No,1.47,0.48,0.05,0.06,2.05
Sonic Riders,Sega,Sega,Racing,Racing,2006,2005,E,EE10,4,4,59,No,0.71,0.18,NA,0.03,0.92
SoulCalibur II,Namco Bandai Games,Namco Bandai Games,Fighting,Fighting,2003,2003,T,TM,2,2,93,No,0.99,0.32,0.11,0.08,1.5
Space Raiders,Taito,Other,Shooter,Shooter,2003,2003,T,TM,2,2,40,No,0.01,NA,NA,NA,0.01
Spartan: Total Warrior,Sega,Sega,ActionAdventure,ActionAdventure,2005,2005,M,TM,1,1,73,No,0.05,0.01,NA,NA,0.07
Spawn: Armageddon,Electronic Arts,Electronic Arts,ActionAdventure,ActionAdventure,2003,2003,M,TM,1,1,61,No,0.05,0.01,NA,NA,0.07
Speed Kings,Acclaim Entertainment,Acclaim Entertainment,Racing,Racing,2003,2003,E,EE10,4,4,59,No,0.01,NA,NA,NA,0.02
Sphinx and the Cursed Mummy,THQ,THQ,ActionAdventure,ActionAdventure,2003,2003,T,TM,1,1,79,No,0.11,0.03,NA,NA,0.14
Spider-Man 2,Activision,Activision,ActionAdventure,ActionAdventure,2004,2004,T,TM,1,1,80,No,0.65,0.17,NA,0.02,0.84
Spider-Man: The Movie,Activision,Activision,ActionAdventure,ActionAdventure,2002,2002,E,EE10,1,1,76,No,0.86,0.27,0.01,0.04,1.19
Spirits & Spells,Wanadoo,Other,Platformer,Platformer,2003,2003,E,EE10,1,1,50,Yes,0.01,NA,NA,NA,0.02
SpongeBob SquarePants: Battle for Bikini Bottom,THQ,THQ,Platformer,Platformer,2003,2003,E,EE10,1,1,71,No,0.74,0.19,NA,0.03,0.95
SpongeBob SquarePants: Creature from the Krusty Krab,THQ,THQ,Platformer,Platformer,2006,2005,E,EE10,1,1,74,No,0.25,0.07,NA,0.01,0.33
"SpongeBob SquarePants: Lights, Camera, Pants!",THQ,THQ,Party,Other,2005,2005,E,EE10,4,4,NA,No,0.34,0.09,NA,0.01,0.44
SpongeBob SquarePants: Revenge of the Flying Dutchman,THQ,THQ,Platformer,Platformer,2002,2002,E,EE10,1,1,66,No,0.15,0.04,NA,0.01,0.2
Spy Hunter,Midway Games,Midway Games,Racing,Racing,2002,2002,T,TM,2,2,71,Yes,0.16,0.04,NA,0.01,0.2
Spyro: A Hero's Tail,Vivendi Games,Vivendi Games,Platformer,Platformer,2004,2004,E,EE10,1,1,62,No,0.22,0.06,NA,0.01,0.29
Spyro: Enter the Dragonfly,Universal Interactive,Other,Platformer,Platformer,2002,2002,E,EE10,1,1,48,No,0.55,0.14,NA,0.02,0.71
SRS: Street Racing Syndicate,Namco Bandai Games,Namco Bandai Games,Racing,Racing,2004,2004,T,TM,2,2,64,No,0.07,0.02,NA,NA,0.08
SSX 3,Electronic Arts,Electronic Arts,Sports,Sports,2003,2003,E,EE10,2,2,92,No,0.29,0.08,NA,0.01,0.38
SSX On Tour,Electronic Arts,Electronic Arts,Sports,Sports,2005,2005,E,EE10,2,2,80,No,0.13,0.03,NA,NA,0.17
SSX Tricky,Electronic Arts,Electronic Arts,Sports,Sports,2001,2002,E,EE10,2,2,87,No,0.42,0.11,NA,0.01,0.54
Star Fox Adventures,Nintendo,Nintendo,ActionAdventure,ActionAdventure,2002,2002,T,TM,1,1,82,Yes,0.96,0.53,0.3,0.09,1.87
Star Fox: Assault,Nintendo,Nintendo,Shooter,Shooter,2005,2005,T,TM,4,4,67,Yes,0.68,0.18,0.19,0.03,1.08
Star Wars Jedi Knight II: Jedi Outcast,Activision,Activision,Shooter,Shooter,2002,2002,T,TM,2,2,75,No,0.18,0.05,NA,0.01,0.23
Star Wars Rogue Leader: Rogue Squadron II,LucasArts,Other,Shooter,Shooter,2001,2002,T,TM,1,1,90,Yes,1.03,0.75,0.03,0.09,1.9
Star Wars Rogue Squadron III: Rebel Strike,LucasArts,Other,Shooter,Shooter,2003,2003,T,TM,2,2,75,Yes,0.62,0.16,NA,0.02,0.8
Star Wars: Bounty Hunter,LucasArts,Other,Shooter,Shooter,2002,2002,T,TM,1,1,67,No,0.2,0.05,NA,0.01,0.26
Star Wars: Clone Wars,Activision,Activision,Shooter,Shooter,2002,2002,T,TM,4,4,73,No,0.31,0.08,NA,0.01,0.4
Starsky & Hutch,BAM! Entertainment,Other,Racing,Racing,2003,2003,T,TM,2,2,59,No,0.08,0.02,NA,NA,0.11
Street Hoops,Activision,Activision,Sports,Sports,2002,2002,T,TM,2,2,56,No,0.09,0.02,NA,NA,0.12
Strike Force Bowling,Crave Entertainment,Other,Sports,Sports,2005,2005,E,EE10,4,4,47,No,0.05,0.01,NA,NA,0.06
Summoner: A Goddess Reborn,THQ,THQ,RolePlaying,RolePlaying,2003,2003,T,TM,1,1,72,No,0.04,0.01,NA,NA,0.05
Super Bubble Pop,Jaleco,Other,Puzzle,Other,2003,2003,E,EE10,2,2,54,No,0.04,0.01,NA,NA,0.05
Super Mario Strikers,Nintendo,Nintendo,Sports,Sports,2005,2005,E,EE10,4,4,76,Yes,0.98,0.38,0.2,0.04,1.61
Super Mario Sunshine,Nintendo,Nintendo,Platformer,Platformer,2002,2002,E,EE10,1,1,92,Yes,4.01,1.26,0.87,0.17,6.31
Super Monkey Ball,Sega,Sega,Puzzle,Other,2001,2002,E,EE10,4,4,87,Yes,0.95,0.37,0.1,0.04,1.46
Super Monkey Ball 2,Sega,Sega,Puzzle,Other,2002,2002,E,EE10,4,4,87,Yes,1.11,0.31,0.06,0.04,1.52
Super Monkey Ball Adventure,Sega,Sega,Platformer,Platformer,2006,2005,E,EE10,4,4,51,No,0.12,0.03,NA,NA,0.15
Super Robot Taisen GC,Banpresto,Other,Strategy,Other,2004,2004,NA,NA,1,1,NA,No,NA,NA,NA,NA,NA
Super Smash Bros. Melee,Nintendo,Nintendo,Fighting,Fighting,2001,2002,E,EE10,4,4,92,Yes,4.41,1.04,1.39,0.22,7.07
Superman: Shadow of Apokolips,Atari,Atari,ActionAdventure,ActionAdventure,2003,2003,E,EE10,1,1,66,No,0.06,0.02,NA,NA,0.08
Surf's Up,Ubisoft,Ubisoft,Sports,Sports,2007,2005,E10,EE10,4,4,NA,No,0.01,NA,NA,NA,0.01
Swingerz Golf,Eidos Interactive,Other,Sports,Sports,2002,2002,E,EE10,4,4,72,Yes,0.06,0.02,NA,NA,0.08
SX Superstar,Acclaim Entertainment,Acclaim Entertainment,Racing,Racing,2003,2003,T,TM,2,2,NA,No,0.03,0.01,NA,NA,0.03
Tak 2: The Staff of Dreams,THQ,THQ,Platformer,Platformer,2004,2004,E,EE10,2,2,72,No,0.26,0.07,NA,0.01,0.33
Tak and the Power of Juju,THQ,THQ,Platformer,Platformer,2003,2003,E,EE10,1,1,71,No,0.31,0.08,NA,0.01,0.4
Tak: The Great Juju Challenge,THQ,THQ,Platformer,Platformer,2005,2005,E,EE10,2,2,75,No,0.12,0.03,NA,NA,0.15
Tales of Symphonia,Namco Bandai Games,Namco Bandai Games,RolePlaying,RolePlaying,2003,2003,T,TM,4,4,86,Yes,0.54,0.21,0.31,0.04,1.1
Taxi 3,Ubisoft,Ubisoft,Racing,Racing,2003,2003,E,EE10,1,1,NA,No,NA,NA,NA,NA,NA
Taz Wanted,Atari,Atari,Platformer,Platformer,2002,2002,E,EE10,1,1,61,No,0.06,0.02,NA,NA,0.08
Teen Titans,THQ,THQ,ActionAdventure,ActionAdventure,2006,2005,E10,EE10,4,4,63,No,0.25,0.07,NA,0.01,0.33
Teenage Mutant Ninja Turtles,Konami Digital Entertainment,Konami Digital Entertainment,Platformer,Platformer,2003,2003,E,EE10,2,2,57,No,0.26,0.07,NA,0.01,0.34
Teenage Mutant Ninja Turtles 2: Battle Nexus,Konami Digital Entertainment,Konami Digital Entertainment,ActionAdventure,ActionAdventure,2004,2004,T,TM,4,4,49,No,0.15,0.04,NA,0.01,0.19
Teenage Mutant Ninja Turtles 3: Mutant Nightmare,Konami Digital Entertainment,Konami Digital Entertainment,ActionAdventure,ActionAdventure,2005,2005,E10,EE10,4,4,57,No,0.09,0.02,NA,NA,0.12
Tensai Bit-Kun: Gramon Battle,Taito,Other,RolePlaying,RolePlaying,2003,2003,NA,NA,2,2,NA,No,NA,NA,NA,NA,NA
Terminator 3: The Redemption,Atari,Atari,Shooter,Shooter,2004,2004,T,TM,2,2,68,No,0.02,NA,NA,NA,0.02
Tetris Worlds,THQ,THQ,Puzzle,Other,2002,2002,E,EE10,4,4,47,No,0.17,0.04,NA,0.01,0.22
The Adventures of Jimmy Neutron Boy Genius: Attack of the Twonkies,THQ,THQ,ActionAdventure,ActionAdventure,2004,2004,E,EE10,1,1,65,No,0.22,0.06,NA,0.01,0.28
The Adventures of Jimmy Neutron Boy Genius: Jet Fusion,THQ,THQ,ActionAdventure,ActionAdventure,2003,2003,E,EE10,1,1,60,No,0.09,0.02,NA,NA,0.11
The Ant Bully,Midway Games,Midway Games,Platformer,Platformer,2006,2005,E10,EE10,1,1,51,No,0.09,0.02,NA,NA,0.12
The Baseball 2003,Konami Digital Entertainment,Konami Digital Entertainment,Sports,Sports,2003,2003,NA,NA,2,2,NA,Yes,NA,NA,NA,NA,NA
"The Chronicles of Narnia: The Lion, The Witch and The Wordrobe",Disney Interactive Studios,Other,ActionAdventure,ActionAdventure,2005,2005,T,TM,2,2,71,No,0.22,0.06,NA,0.01,0.28
The Fairly Odd Parents: Shadow Showdown,THQ,THQ,Platformer,Platformer,2004,2004,E,EE10,2,2,61,No,0.16,0.04,NA,0.01,0.2
The Fairly OddParents: Breakin' Da Rules,THQ,THQ,Platformer,Platformer,2003,2003,E,EE10,1,1,NA,No,0.16,0.04,NA,0.01,0.21
The Grim Adventures of Billy & Mandy,Midway Games,Midway Games,ActionAdventure,ActionAdventure,2006,2005,E10,EE10,4,4,69,No,0.13,0.03,NA,NA,0.17
The Hobbit,Vivendi Games,Vivendi Games,Platformer,Platformer,2003,2003,E,EE10,1,1,61,No,0.13,0.03,NA,NA,0.17
The Incredible Hulk: Ultimate Destruction,Vivendi Games,Vivendi Games,ActionAdventure,ActionAdventure,2005,2005,T,TM,1,1,84,No,0.11,0.03,NA,NA,0.15
The Incredibles,THQ,THQ,ActionAdventure,ActionAdventure,2004,2004,T,TM,1,1,63,No,0.65,0.17,NA,0.02,0.84
The Incredibles: Rise of the Underminer,THQ,THQ,Platformer,Platformer,2005,2005,E10,EE10,2,2,67,No,0.12,0.03,NA,NA,0.16
The Italian Job,Eidos Interactive,Other,Racing,Racing,2003,2003,T,TM,2,2,56,No,0.03,0.01,NA,NA,0.03
The Legend of Spyro: A New Beginning,Vivendi Games,Vivendi Games,Platformer,Platformer,2006,2005,E10,EE10,1,1,67,No,0.15,0.04,NA,0.01,0.19
The Legend of Zelda: Four Swords Adventures,Nintendo,Nintendo,ActionAdventure,ActionAdventure,2004,2004,E,EE10,4,4,86,Yes,0.63,0.16,NA,0.02,0.81
The Legend of Zelda: Ocarina of Time / Master Quest,Nintendo,Nintendo,ActionAdventure,ActionAdventure,2002,2002,E,EE10,1,1,91,Yes,NA,NA,NA,NA,NA
The Legend of Zelda: The Wind Waker,Nintendo,Nintendo,ActionAdventure,ActionAdventure,2002,2002,E,EE10,1,1,96,Yes,2.6,0.99,0.89,0.13,4.6
The Legend of Zelda: Twilight Princess,Nintendo,Nintendo,ActionAdventure,ActionAdventure,2006,2005,T,TM,1,1,96,Yes,1.15,0.36,0.04,0.04,1.59
The Lord of the Rings: The Return of the King,Electronic Arts,Electronic Arts,ActionAdventure,ActionAdventure,2003,2003,T,TM,2,2,84,No,0.53,0.14,NA,0.02,0.69
The Lord of the Rings: The Third Age,Electronic Arts,Electronic Arts,RolePlaying,RolePlaying,2004,2004,T,TM,2,2,74,No,0.22,0.06,NA,0.01,0.29
The Lord of the Rings: The Two Towers,Electronic Arts,Electronic Arts,ActionAdventure,ActionAdventure,2002,2002,T,TM,1,1,82,No,0.41,0.11,NA,0.01,0.53
The Polar Express,THQ,THQ,ActionAdventure,ActionAdventure,2004,2004,E,EE10,1,1,40,No,0.08,0.02,NA,NA,0.11
The Powerpuff Girls: Relish Rampage,BAM! Entertainment,Other,ActionAdventure,ActionAdventure,2002,2002,E,EE10,1,1,NA,No,0.05,0.01,NA,NA,0.07
The Scorpion King: Rise of the Akkadian,Universal Interactive,Other,ActionAdventure,ActionAdventure,2002,2002,T,TM,1,1,49,No,0.08,0.02,NA,NA,0.11
The Simpsons: Hit & Run,Vivendi Games,Vivendi Games,Racing,Racing,2003,2003,T,TM,4,4,79,No,0.77,0.2,NA,0.03,0.99
The Simpsons: Road Rage,Electronic Arts,Electronic Arts,Racing,Racing,2001,2002,T,TM,2,2,67,No,0.19,0.05,NA,0.01,0.24
The Sims,Electronic Arts,Electronic Arts,Simulation,Other,2003,2003,T,TM,2,2,85,No,0.35,0.13,NA,0.01,0.49
The Sims 2,Electronic Arts,Electronic Arts,Simulation,Other,2005,2005,T,TM,2,2,73,No,0.26,0.07,NA,0.01,0.33
The Sims 2: Pets,Electronic Arts,Electronic Arts,Simulation,Other,2006,2005,T,TM,2,2,66,No,0.21,0.05,NA,0.01,0.27
The Sims: Bustin' Out,Electronic Arts,Electronic Arts,Simulation,Other,2003,2003,T,TM,2,2,81,No,0.43,0.2,NA,0.03,0.66
The SpongeBob SquarePants Movie,THQ,THQ,Platformer,Platformer,2004,2004,E,EE10,1,1,73,No,0.73,0.19,NA,0.03,0.94
The Sum of All Fears,Ubisoft,Ubisoft,Shooter,Shooter,2003,2003,T,TM,1,1,36,No,0.03,0.01,NA,NA,0.03
The Urbz: Sims in the City,Electronic Arts,Electronic Arts,Simulation,Other,2004,2004,T,TM,2,2,73,No,0.24,0.14,NA,0.02,0.4
Tiger Woods PGA Tour 06,Electronic Arts,Electronic Arts,Sports,Sports,2005,2005,E,EE10,4,4,82,No,0.08,0.02,NA,NA,0.11
Tiger Woods PGA Tour 2003,Electronic Arts,Electronic Arts,Sports,Sports,2002,2002,E,EE10,4,4,90,No,0.18,0.05,NA,0.01,0.23
Tiger Woods PGA Tour 2004,Electronic Arts,Electronic Arts,Sports,Sports,2003,2003,E,EE10,4,4,89,No,0.12,0.03,NA,NA,0.16
Tiger Woods PGA Tour 2005,Electronic Arts,Electronic Arts,Sports,Sports,2004,2004,E,EE10,4,4,88,No,0.1,0.03,NA,NA,0.14
TimeSplitters 2,Eidos Interactive,Other,Shooter,Shooter,2002,2002,T,TM,4,4,88,No,0.34,0.09,NA,0.01,0.44
TimeSplitters: Future Perfect,Electronic Arts,Electronic Arts,Shooter,Shooter,2005,2005,M,TM,4,4,82,No,0.06,0.02,NA,NA,0.08
TMNT,Ubisoft,Ubisoft,ActionAdventure,ActionAdventure,2007,2005,E10,EE10,1,1,63,No,NA,NA,NA,NA,NA
TMNT: Mutant Melee,Konami Digital Entertainment,Konami Digital Entertainment,Fighting,Fighting,2005,2005,T,TM,4,4,44,No,0.06,0.01,NA,NA,0.07
Tom and Jerry in War of the Whiskers,NewKidCo,Other,ActionAdventure,ActionAdventure,2003,2003,T,TM,4,4,NA,No,0.05,0.01,NA,NA,0.07
Tom Clancy's Ghost Recon,Ubisoft,Ubisoft,Shooter,Shooter,2003,2003,M,TM,2,2,59,No,0.11,0.03,NA,NA,0.15
Tom Clancy's Ghost Recon 2,Ubisoft,Ubisoft,Shooter,Shooter,2005,2005,T,TM,1,1,54,No,0.06,0.01,NA,NA,0.07
Tom Clancy's Rainbow Six 3,Ubisoft,Ubisoft,Shooter,Shooter,2004,2004,M,TM,2,2,68,No,0.04,0.01,NA,NA,0.06
Tom Clancy's Rainbow Six: Lockdown,Ubisoft,Ubisoft,Shooter,Shooter,2005,2005,M,TM,2,2,72,No,0.04,0.01,NA,NA,0.05
Tom Clancy's Splinter Cell,Ubisoft,Ubisoft,ActionAdventure,ActionAdventure,2003,2003,T,TM,1,1,89,No,0.18,0.05,NA,0.01,0.23
Tom Clancy's Splinter Cell: Chaos Theory,Ubisoft,Ubisoft,ActionAdventure,ActionAdventure,2005,2005,M,TM,2,2,81,No,0.08,0.02,NA,NA,0.1
Tom Clancy's Splinter Cell: Double Agent,Ubisoft,Ubisoft,ActionAdventure,ActionAdventure,2006,2005,M,TM,2,2,64,No,0.04,0.01,NA,NA,0.06
Tom Clancy's Splinter Cell: Pandora Tomorrow,Ubisoft,Ubisoft,ActionAdventure,ActionAdventure,2004,2004,T,TM,1,1,78,No,0.06,0.02,NA,NA,0.08
Tomb Raider: Legend,Eidos Interactive,Other,ActionAdventure,ActionAdventure,2006,2005,T,TM,1,1,78,No,0.06,0.02,NA,NA,0.08
Tonka Rescue Patrol,Take-Two Interactive,Take-Two Interactive,ActionAdventure,ActionAdventure,2003,2003,E,EE10,1,1,NA,Yes,0.05,0.01,NA,NA,0.06
Tony Hawk's American Wasteland,Activision,Activision,Sports,Sports,2005,2005,T,TM,2,2,76,No,0.33,0.08,NA,0.01,0.42
Tony Hawk's Pro Skater 3,Activision,Activision,Sports,Sports,2001,2002,T,TM,2,2,91,No,0.64,0.17,NA,0.02,0.82
Tony Hawk's Pro Skater 4,Activision,Activision,Sports,Sports,2002,2002,T,TM,2,2,91,No,0.45,0.12,NA,0.02,0.58
Tony Hawk's Underground,Activision,Activision,Sports,Sports,2003,2003,T,TM,2,2,89,No,0.54,0.14,NA,0.02,0.7
Tony Hawk's Underground 2,Activision,Activision,Sports,Sports,2004,2004,T,TM,2,2,82,No,0.38,0.1,NA,0.01,0.5
Top Angler: Real Bass Fishing,Xicat Interactive,Other,Sports,Sports,2002,2002,E,EE10,2,2,NA,No,NA,NA,NA,NA,NA
Top Gun: Combat Zones,Titus,Other,Simulation,Other,2002,2002,E,EE10,1,1,59,No,0.12,0.03,NA,NA,0.15
Transworld Surf: Next Wave,Atari,Atari,Sports,Sports,2003,2003,T,TM,4,4,68,No,NA,NA,NA,NA,NA
Trigger Man,Crave Entertainment,Other,Shooter,Shooter,2004,2004,T,TM,1,1,NA,No,0.01,NA,NA,NA,0.02
True Crime: New York City,Activision,Activision,ActionAdventure,ActionAdventure,2005,2005,M,TM,1,1,59,No,0.13,0.03,NA,NA,0.17
True Crime: Streets of LA,Activision,Activision,ActionAdventure,ActionAdventure,2003,2003,M,TM,1,1,77,No,0.44,0.11,NA,0.02,0.56
Tube Slider,NEC Interchannel,Other,Racing,Racing,2003,2003,E,EE10,4,4,62,Yes,0.02,NA,NA,NA,0.02
Turok: Evolution,Acclaim Entertainment,Acclaim Entertainment,Shooter,Shooter,2002,2002,M,TM,4,4,70,No,0.3,0.08,NA,0.01,0.38
Ty the Tasmanian Tiger,Electronic Arts,Electronic Arts,Platformer,Platformer,2002,2002,E,EE10,1,1,69,No,0.21,0.05,NA,0.01,0.27
Ty the Tasmanian Tiger 2: Bush Rescue,Electronic Arts,Electronic Arts,Platformer,Platformer,2004,2004,E,EE10,2,2,70,No,0.15,0.04,NA,0.01,0.2
Ty the Tasmanian Tiger 3: Night of the Quinkan,Activision,Activision,ActionAdventure,ActionAdventure,2005,2005,T,TM,2,2,68,No,0.07,0.02,NA,NA,0.09
UEFA Champions League 2004-2005,Electronic Arts,Electronic Arts,Sports,Sports,2005,2005,E,EE10,4,4,NA,No,NA,NA,NA,NA,NA
Ultimate Fighting Championship: Throwdown,Ubisoft,Ubisoft,Fighting,Fighting,2002,2002,T,TM,2,2,67,No,0.06,0.02,NA,NA,0.08
Ultimate Muscle - The Kinnikuman Legacy: Legends vs New Genration,Namco Bandai Games,Namco Bandai Games,Fighting,Fighting,2002,2002,T,TM,4,4,77,Yes,0.04,0.01,0.08,NA,0.14
Ultimate Spider-Man,Activision,Activision,ActionAdventure,ActionAdventure,2005,2005,T,TM,1,1,76,No,0.29,0.07,NA,0.01,0.37
Universal Studios Theme Parks Adventure,Kemco,Other,Party,Other,2001,2002,T,TM,2,2,39,Yes,0.08,0.02,NA,NA,0.1
Vexx,Acclaim Entertainment,Acclaim Entertainment,Platformer,Platformer,2003,2003,T,TM,1,1,71,No,0.05,0.01,NA,NA,0.06
Viewtiful Joe,Capcom,Capcom,ActionAdventure,ActionAdventure,2003,2003,T,TM,1,1,93,No,0.38,0.1,0.12,0.02,0.62
Viewtiful Joe 2,Capcom,Capcom,ActionAdventure,ActionAdventure,2004,2004,T,TM,1,1,86,No,0.17,0.04,NA,0.01,0.22
Viewtiful Joe: Red Hot Rumble,Capcom,Capcom,ActionAdventure,ActionAdventure,2005,2005,T,TM,4,4,62,Yes,0.04,0.01,NA,NA,0.06
Virtua Quest,Sega,Sega,RolePlaying,RolePlaying,2005,2005,T,TM,1,1,55,No,0.01,NA,NA,NA,0.01
Virtua Striker 2002,Sega,Sega,Sports,Sports,2002,2002,E,EE10,2,2,58,Yes,0.01,NA,0.03,NA,0.05
V-Rally 3,Atari,Atari,Racing,Racing,2003,2003,E,EE10,4,4,NA,No,NA,NA,NA,NA,NA
Wallace & Gromit in Project Zoo,BAM! Entertainment,Other,Platformer,Platformer,2003,2003,E,EE10,1,1,66,No,0.05,0.01,NA,NA,0.07
Wario World,Nintendo,Nintendo,Platformer,Platformer,2003,2003,E,EE10,1,1,71,Yes,0.34,0.09,NA,0.01,0.44
"WarioWare, Inc.: Mega Party Game$",Nintendo,Nintendo,Puzzle,Other,2003,2003,E,EE10,4,4,76,Yes,0.2,0.05,0.44,0.02,0.71
Wave Race: Blue Storm,Nintendo,Nintendo,Racing,Racing,2001,2002,E,EE10,4,4,80,Yes,0.4,0.1,0.09,0.02,0.6
Whirl Tour,Vivendi Games,Vivendi Games,Sports,Sports,2002,2002,E,EE10,2,2,61,No,0.04,0.01,NA,NA,0.05
World Championship Pool 2004,Jaleco,Other,Sports,Sports,2005,2005,E,EE10,2,2,NA,No,NA,NA,NA,NA,NA
World Racing,Konami Digital Entertainment,Konami Digital Entertainment,Racing,Racing,2004,2004,E,EE10,2,2,NA,No,NA,NA,NA,NA,NA
World Series of Poker,Activision,Activision,Miscellaneous,Other,2005,2005,E10,EE10,1,1,44,No,0.04,0.01,NA,NA,0.05
World Soccer Winning Eleven 6 Final Evolution,Konami Digital Entertainment,Konami Digital Entertainment,Sports,Sports,2003,2003,NA,NA,4,4,NA,No,NA,NA,NA,NA,NA
Worms 3D,Sega,Sega,Strategy,Other,2003,2003,T,TM,4,4,69,No,0.05,0.01,NA,NA,0.07
Worms Blast,Ubisoft,Ubisoft,Puzzle,Other,2002,2002,E,EE10,2,2,65,No,0.05,0.01,NA,NA,0.06
Wreckless: ThE YaKuza MisSiOns,Activision,Activision,Racing,Racing,2002,2002,T,TM,2,2,58,No,0.04,0.01,NA,NA,0.06
WTA Tour Tennis,Konami Digital Entertainment,Konami Digital Entertainment,Sports,Sports,2002,2002,T,TM,4,4,55,No,0.01,NA,NA,NA,0.01
WWE Crush Hour,THQ,THQ,Racing,Racing,2003,2003,T,TM,2,2,55,No,0.06,0.02,NA,NA,0.08
WWE Day of Reckoning,THQ,THQ,Fighting,Fighting,2004,2004,T,TM,4,4,79,Yes,0.35,0.09,NA,0.01,0.45
WWE Day of Reckoning 2,THQ,THQ,Fighting,Fighting,2005,2005,T,TM,4,4,76,Yes,0.26,0.07,NA,0.01,0.34
WWE Wrestlemania X8,THQ,THQ,Fighting,Fighting,2002,2002,T,TM,4,4,64,Yes,0.38,0.1,NA,0.01,0.49
WWE Wrestlemania XIX,THQ,THQ,Fighting,Fighting,2003,2003,T,TM,4,4,76,Yes,0.26,0.07,NA,0.01,0.33
X2: Wolverine's Revenge,Activision,Activision,Platformer,Platformer,2003,2003,T,TM,1,1,62,No,0.09,0.02,NA,NA,0.12
XGIII: Extreme G Racing,Acclaim Entertainment,Acclaim Entertainment,Racing,Racing,2001,2002,E,EE10,4,4,83,No,0.12,0.03,NA,NA,0.15
XGRA: Extreme G Racing Association,Acclaim Entertainment,Acclaim Entertainment,Racing,Racing,2003,2003,T,TM,4,4,69,No,0.02,NA,NA,NA,0.02
XIII,Ubisoft,Ubisoft,Shooter,Shooter,2003,2003,M,TM,4,4,73,No,0.07,0.02,NA,NA,0.09
X-Men Legends,Activision,Activision,RolePlaying,RolePlaying,2004,2004,T,TM,4,4,81,No,0.41,0.11,NA,0.01,0.53
X-Men Legends II: Rise of Apocalypse,Activision,Activision,RolePlaying,RolePlaying,2005,2005,T,TM,4,4,82,No,0.19,0.05,NA,0.01,0.25
X-Men: Next Dimension,Activision,Activision,Fighting,Fighting,2002,2002,T,TM,2,2,63,No,0.1,0.03,NA,NA,0.13
X-Men: The Official Game,Activision,Activision,ActionAdventure,ActionAdventure,2006,2005,T,TM,1,1,50,No,0.12,0.03,NA,NA,0.15
Yu-Gi-Oh! The Falsebound Kingdom,Konami Digital Entertainment,Konami Digital Entertainment,Strategy,Other,2002,2002,E,EE10,1,1,44,Yes,0.49,0.13,0.07,0.02,0.71
Zapper: One Wicked Cricket!,Infogrames Entertainment,Other,Platformer,Platformer,2002,2002,E,EE10,4,4,55,No,0.1,0.03,NA,NA,0.13
Zatch Bell! Mamodo Battles,Namco Bandai Games,Namco Bandai Games,Fighting,Fighting,2005,2005,T,TM,2,2,57,No,0.05,0.01,NA,NA,0.06
Zatch Bell! Mamodo Fury,Namco Bandai Games,Namco Bandai Games,Fighting,Fighting,2005,2005,T,TM,4,4,44,No,0.03,0.01,NA,NA,0.04
Zoids Vs.,Tomy Corporation,Other,ActionAdventure,ActionAdventure,2002,2002,T,TM,2,2,NA,Yes,NA,NA,NA,NA,NA
Zoids Vs. III,Tomy Corporation,Other,Shooter,Shooter,2004,2004,T,TM,4,4,NA,Yes,NA,NA,NA,NA,NA
Zoids: Battle Legends,Tomy Corporation,Other,ActionAdventure,ActionAdventure,2003,2003,T,TM,2,2,NA,Yes,0.12,0.03,NA,NA,0.15
Zoids: Full Metal Crash,Tomy Corporation,Other,Fighting,Fighting,2005,2005,NA,NA,2,2,NA,Yes,NA,NA,NA,NA,NA
ZooCube,Acclaim Entertainment,Acclaim Entertainment,Puzzle,Other,2002,2002,E,EE10,4,4,67,No,0.02,NA,NA,NA,0.02
